tconst,characters,primaryTitle,startYear
tt0096657,"[""Mr. Bean""]",Mr. Bean,1990
tt0096657,"[""The Girlfriend""]",Mr. Bean,1990
tt0096657,"[""Irma Gobb""]",Mr. Bean,1990
tt0098830,"[""Various""]",In Living Color,1990
tt0098830,"[""Captain James T. Kirk""]",In Living Color,1990
tt0098830,"[""Jake""]",In Living Color,1990
tt0098833,"[""Jeeves""]",Jeeves and Wooster,1990
tt0098833,"[""Bertie Wooster""]",Jeeves and Wooster,1990
tt0098833,"[""Oofy Prosser""]",Jeeves and Wooster,1990
tt0098878,"[""Dr. Joel Fleischman""]",Northern Exposure,1990
tt0098878,"[""Franz Kafka""]",Northern Exposure,1990
tt0098878,"[""Mikhail""]",Northern Exposure,1990
tt0098936,"[""Special Agent Dale Cooper""]",Twin Peaks,1990
tt0098936,"[""Sheriff Harry S. Truman""]",Twin Peaks,1990
tt0098936,"[""Shelly Johnson""]",Twin Peaks,1990
tt0101088,"[""Marshall Teller""]","Eerie, Indiana",1991
tt0101088,"[""Eunice Danforth""]","Eerie, Indiana",1991
tt0101088,"[""Simon Holmes""]","Eerie, Indiana",1991
tt0103359,"[""Batman""]",Batman: The Animated Series,1992
tt0103359,"[""Bruce Wayne""]",Batman: The Animated Series,1992
tt0103359,"[""Thomas Wayne""]",Batman: The Animated Series,1992
tt0103376,"[""Eddie""]",Bottom,1991
tt0103376,"[""Richie""]",Bottom,1991
tt0103376,"[""Spudgun""]",Bottom,1991
tt0103466,"[""Larry Sanders""]",The Larry Sanders Show,1992
tt0103466,"[""Hank Kingsley""]",The Larry Sanders Show,1992
tt0103466,"[""Phil""]",The Larry Sanders Show,1992
tt0105929,"[""Edina""]",Absolutely Fabulous,1992
tt0105929,"[""Patsy""]",Absolutely Fabulous,1992
tt0105929,"[""Booberella""]",Absolutely Fabulous,1992
tt0105932,"[""Brisco County Jr.""]","The Adventures of Brisco County, Jr.",1993
tt0105932,"[""Lord Bowler""]","The Adventures of Brisco County, Jr.",1993
tt0105932,"[""Socrates Poole""]","The Adventures of Brisco County, Jr.",1993
tt0105946,"[""Delenn""]",Babylon 5,1993
tt0105946,"[""Ambassador Delenn""]",Babylon 5,1993
tt0105946,"[""Dr. Stephen Franklin""]",Babylon 5,1993
tt0105958,"[""Cory Matthews""]",Boy Meets World,1993
tt0105958,"[""Ben Sandwich""]",Boy Meets World,1993
tt0105958,"[""Rory""]",Boy Meets World,1993
tt0105977,"[""Dr. Edward 'Fitz' Fitzgerald""]",Cracker,1993
tt0105977,"[""DS Jane Penhaligon""]",Cracker,1993
tt0105977,"[""Mark Fitzgerald""]",Cracker,1993
tt0106004,"[""Dr. Frasier Crane""]",Frasier,1993
tt0106004,"[""Daphne Moon""]",Frasier,1993
tt0106004,"[""Coffeeshop Customer""]",Frasier,1993
tt0106028,"[""Detective John Munch""]",Homicide: Life on the Street,1993
tt0106028,"[""Detective Meldrick Lewis""]",Homicide: Life on the Street,1993
tt0106028,"[""Lieutenant Al Giardello""]",Homicide: Life on the Street,1993
tt0106052,"[""Preparation H Raymond""]",Late Night with Conan O'Brien,1993
tt0106052,"[""FedEx Pope""]",Late Night with Conan O'Brien,1993
tt0106052,"[""Angry Audience Member""]",Late Night with Conan O'Brien,1993
tt0106145,"[""Captain Benjamin 'Ben' Sisko""]",Star Trek: Deep Space Nine,1993
tt0106145,"[""Commander Benjamin 'Ben' Sisko""]",Star Trek: Deep Space Nine,1993
tt0106145,"[""Benny Russell""]",Star Trek: Deep Space Nine,1993
tt0106179,"[""Fox Mulder""]",The X-Files,1993
tt0106179,"[""Dana Scully""]",The X-Files,1993
tt0106179,"[""OSS Agent""]",The X-Files,1993
tt0108756,"[""Constable Benton Fraser""]",Due South,1994
tt0108756,"[""German Fiancé""]",Due South,1994
tt0108756,"[""Lieutenant Harding Welsh""]",Due South,1994
tt0108778,"[""Rachel Green""]",Friends,1994
tt0108778,"[""Monica Geller""]",Friends,1994
tt0108778,"[""Monica Geller-Bing""]",Friends,1994
tt0108783,"[""Goliath""]",Gargoyles,1994
tt0108783,"[""Morgan""]",Gargoyles,1994
tt0108783,"[""Thailog""]",Gargoyles,1994
tt0108828,"[""Alan Partridge""]","Knowing Me, Knowing You with Alan Partridge",1994
tt0108828,"[""Bridie McMahon""]","Knowing Me, Knowing You with Alan Partridge",1994
tt0108828,"[""Charlotte Fraser""]","Knowing Me, Knowing You with Alan Partridge",1994
tt0108872,"[""Patty Chase""]",My So-Called Life,1994
tt0108872,"[""Rickie Vasquez""]",My So-Called Life,1994
tt0108872,"[""Angela Chase""]",My So-Called Life,1994
tt0108906,"[""Stig Helmer""]",The Kingdom,1994
tt0108906,"[""Sigrid Drusse""]",The Kingdom,1994
tt0108906,"[""Rigmor Mortensen""]",The Kingdom,1994
tt0108981,"[""Geraldine Granger""]",The Vicar of Dibley,1994
tt0108981,"[""Geraldine Kennedy""]",The Vicar of Dibley,1994
tt0108981,"[""Hugo Horton""]",The Vicar of Dibley,1994
tt0111958,"[""Father Ted Crilly""]",Father Ted,1995
tt0111958,"[""Father Dougal McGuire""]",Father Ted,1995
tt0111958,"[""Father Jack Hackett""]",Father Ted,1995
tt0112047,"[""Andy Anderson (Dad)""]",Life with Louie,1994
tt0112047,"[""Little Louie""]",Life with Louie,1994
tt0112047,"[""Narrator""]",Life with Louie,1994
tt0112084,"[""Various""]",Mr. Show with Bob and David,1995
tt0112084,"[""Various""]",Mr. Show with Bob and David,1995
tt0112084,"[""Josh Thomas""]",Mr. Show with Bob and David,1995
tt0112095,"[""Dave Nelson""]",NewsRadio,1995
tt0112095,"[""Jimmy James""]",NewsRadio,1995
tt0112095,"[""Matthew Brock""]",NewsRadio,1995
tt0112159,"[""Shinji Ikari""]",Neon Genesis Evangelion,1995
tt0112159,"[""Ship-wide Announcement""]",Neon Genesis Evangelion,1995
tt0112159,"[""Yukina Kurimoto""]",Neon Genesis Evangelion,1995
tt0115270,"[""Frank Black""]",Millennium,1996
tt0115270,"[""Catherine Black""]",Millennium,1996
tt0115270,"[""Peter Watts""]",Millennium,1996
tt0115378,"[""Clark Kent""]",Superman: The Animated Series,1996
tt0115378,"[""Superman""]",Superman: The Animated Series,1996
tt0115378,"[""Bizarro""]",Superman: The Animated Series,1996
tt0118273,"[""Christopher Morris""]",Brass Eye,1997
tt0118273,"[""Ted Maul""]",Brass Eye,1997
tt0118273,"[""Austen Tassletine""]",Brass Eye,1997
tt0118276,"[""Buffy Summers""]",Buffy the Vampire Slayer,1997
tt0118276,"[""Buffybot""]",Buffy the Vampire Slayer,1997
tt0118276,"[""Faith""]",Buffy the Vampire Slayer,1997
tt0118298,"[""Daria Morgendorffer""]",Daria,1997
tt0118298,"[""Jane Lane""]",Daria,1997
tt0118298,"[""Quinn Morgendorffer""]",Daria,1997
tt0118363,"[""Jonathan Creek""]",Jonathan Creek,1997
tt0118363,"[""Maddy Magellan""]",Jonathan Creek,1997
tt0118363,"[""Adam Klaus""]",Jonathan Creek,1997
tt0118421,"[""Warden Leo Glynn""]",Oz,1997
tt0118421,"[""Tim McManus""]",Oz,1997
tt0118421,"[""Vern Schillinger""]",Oz,1997
tt0118475,"[""Spawn""]",Spawn,1997
tt0118475,"[""Cogliostro""]",Spawn,1997
tt0118475,"[""Wanda Blake""]",Spawn,1997
tt0118480,"[""Colonel Jack O'Neill""]",Stargate SG-1,1997
tt0118480,"[""Brigadier General Jack O'Neill""]",Stargate SG-1,1997
tt0118480,"[""Major General Jack O'Neill""]",Stargate SG-1,1997
tt0121955,"[""Stan Marsh""]",South Park,1997
tt0121955,"[""Eric Cartman""]",South Park,1997
tt0121955,"[""Randy Marsh""]",South Park,1997
tt0129690,"[""Alan Partridge""]",I'm Alan Partridge,1997
tt0129690,"[""America's Strongest Man Announcer""]",I'm Alan Partridge,1997
tt0129690,"[""Michael""]",I'm Alan Partridge,1997
tt0129711,"[""Denise Best""]",The Royle Family,1998
tt0129711,"[""Denise Royle""]",The Royle Family,1998
tt0129711,"[""Dave Best""]",The Royle Family,1998
tt0141842,"[""Tony Soprano""]",The Sopranos,1999
tt0141842,"[""Dr. Jennifer Melfi""]",The Sopranos,1999
tt0141842,"[""Carmela Soprano""]",The Sopranos,1999
tt0147746,"[""Terry McGinnis""]",Batman Beyond,1999
tt0147746,"[""Batman""]",Batman Beyond,1999
tt0147746,"[""Guard""]",Batman Beyond,1999
tt0149460,"[""Philip J. Fry""]",Futurama,1999
tt0149460,"[""Dr. Zoidberg""]",Futurama,1999
tt0149460,"[""Prof. Hubert J. Farnsworth""]",Futurama,1999
tt0165598,"[""Eric Forman""]",That '70s Show,1998
tt0165598,"[""Donna Pinciotti""]",That '70s Show,1998
tt0165598,"[""Jackie Burkhart""]",That '70s Show,1998
tt0165961,"[""Dan Rydell""]",Sports Night,1998
tt0165961,"[""Casey McCall""]",Sports Night,1998
tt0165961,"[""Dana Whitaker""]",Sports Night,1998
tt0169455,"[""Guest Audience""]",Inside the Actors Studio,1994
tt0169455,"[""Self""]",Inside the Actors Studio,1994
tt0173528,"[""Various""]",Bill Nye the Science Guy,1993
tt0173528,"[""Announcer""]",Bill Nye the Science Guy,1993
tt0173528,"[""Timmy Ticker""]",Bill Nye the Science Guy,1993
tt0179552,"[""Tintin""]",The Adventures of Tintin,1991
tt0179552,"[""Tintin""]",The Adventures of Tintin,1991
tt0179552,"[""Le capitaine Haddock""]",The Adventures of Tintin,1991
tt0182576,"[""Peter Griffin""]",Family Guy,1999
tt0182576,"[""Stewie Griffin""]",Family Guy,1999
tt0182576,"[""Brian Griffin""]",Family Guy,1999
tt0182629,"[""Himura Kenshin""]",Rurouni Kenshin,1996
tt0182629,"[""Kenshin Himura""]",Rurouni Kenshin,1996
tt0182629,"[""Kaoru""]",Rurouni Kenshin,1996
tt0184135,"[""Various""]",The League of Gentlemen,1999
tt0184135,"[""Barbara Dixon""]",The League of Gentlemen,1999
tt0184135,"[""Charlie Hull""]",The League of Gentlemen,1999
tt0185102,"[""Stuart Jones""]",Queer as Folk,1999
tt0185102,"[""Vince Tyler""]",Queer as Folk,1999
tt0185102,"[""Nathan Maloney""]",Queer as Folk,1999
tt0187636,"[""John Crichton""]",Farscape,1999
tt0187636,"[""Dominar Rygel XVI""]",Farscape,1999
tt0187636,"[""Future Crichton""]",Farscape,1999
tt0187664,"[""Tim Bisley""]",Spaced,1999
tt0187664,"[""Daisy Steiner""]",Spaced,1999
tt0187664,"[""Amber""]",Spaced,1999
tt0193676,"[""Lindsay Weir""]",Freaks and Geeks,1999
tt0193676,"[""Sam Weir""]",Freaks and Geeks,1999
tt0193676,"[""Daniel Desario""]",Freaks and Geeks,1999
tt0194624,"[""Jerri Blank""]",Strangers with Candy,1999
tt0194624,"[""Geoffrey Jellineck""]",Strangers with Candy,1999
tt0194624,"[""Mr. Sears""]",Strangers with Candy,1999
tt0197159,"[""Brendon Small""]",Home Movies,1999
tt0197159,"[""Various""]",Home Movies,1999
tt0197159,"[""Walter""]",Home Movies,1999
tt0197182,"[""Tyrone Davis""]",Third Watch,1999
tt0197182,"[""Self""]",Third Watch,1999
tt0197182,"[""John Sullivan""]",Third Watch,1999
tt0200276,"[""President Josiah Bartlet""]",The West Wing,1999
tt0200276,"[""Sam Seaborn""]",The West Wing,1999
tt0200276,"[""C.J. Cregg""]",The West Wing,1999
tt0203259,"[""Detective Olivia Benson""]",Law & Order: Special Victims Unit,1999
tt0203259,"[""Captain Olivia Benson""]",Law & Order: Special Victims Unit,1999
tt0203259,"[""Lieutenant Olivia Benson""]",Law & Order: Special Victims Unit,1999
tt0206512,"[""SpongeBob""]",SpongeBob SquarePants,1999
tt0206512,"[""Gary""]",SpongeBob SquarePants,1999
tt0206512,"[""SpongeBob SquarePants""]",SpongeBob SquarePants,1999
tt0212671,"[""Malcolm""]",Malcolm in the Middle,2000
tt0212671,"[""Malcolm Wilkerson""]",Malcolm in the Middle,2000
tt0212671,"[""Hal""]",Malcolm in the Middle,2000
tt0213338,"[""Spike Spiegel""]",Cowboy Bebop,1998
tt0213338,"[""Jet Black""]",Cowboy Bebop,1998
tt0213338,"[""Faye Valentine""]",Cowboy Bebop,1998
tt0220880,"[""Courage""]",Courage the Cowardly Dog,1999
tt0220880,"[""Muriel""]",Courage the Cowardly Dog,1999
tt0220880,"[""Robot Randy""]",Courage the Cowardly Dog,1999
tt0235923,"[""Dib Membrane""]",Invader ZIM,2001
tt0235923,"[""Dib""]",Invader ZIM,2001
tt0235923,"[""Kids""]",Invader ZIM,2001
tt0237123,"[""Steve Taylor""]",Coupling,2000
tt0237123,"[""Jane Christie""]",Coupling,2000
tt0237123,"[""Susan Walker""]",Coupling,2000
tt0238784,"[""Lorelai Gilmore""]",Gilmore Girls,2000
tt0238784,"[""Rory Gilmore""]",Gilmore Girls,2000
tt0238784,"[""Lane Kim""]",Gilmore Girls,2000
tt0241088,"[""Ali G""]",Da Ali G Show,2000
tt0241088,"[""Borat""]",Da Ali G Show,2000
tt0241088,"[""Brüno""]",Da Ali G Show,2000
tt0247882,"[""Narrator""]",Forensic Files,1996
tt0248654,"[""Nate Fisher""]",Six Feet Under,2001
tt0248654,"[""David Fisher""]",Six Feet Under,2001
tt0248654,"[""Ruth Fisher""]",Six Feet Under,2001
tt0251439,"[""Vash the Stampede""]",Trigun,1998
tt0251439,"[""Meryl Stryfe""]",Trigun,1998
tt0251439,"[""Milly Thompson""]",Trigun,1998
tt0260615,"[""Soames Forsyte""]",The Forsyte Saga,2002
tt0260615,"[""Young Jolyon Forsyte""]",The Forsyte Saga,2002
tt0260615,"[""Jolyon Forsyte Jr.""]",The Forsyte Saga,2002
tt0262150,"[""Bernard Black""]",Black Books,2000
tt0262150,"[""Manny""]",Black Books,2000
tt0262150,"[""Fran""]",Black Books,2000
tt0262985,"[""Brian Kinney""]",Queer as Folk,1999
tt0262985,"[""Michael Novotny""]",Queer as Folk,1999
tt0262985,"[""Justin Taylor""]",Queer as Folk,1999
tt0264235,"[""Larry David""]",Curb Your Enthusiasm,2000
tt0264235,"[""Cheryl David""]",Curb Your Enthusiasm,2000
tt0264235,"[""Jeff Greene""]",Curb Your Enthusiasm,2000
tt0275137,"[""J'onn J'onzz""]",Justice League,2001
tt0275137,"[""Martian Manhunter""]",Justice League,2001
tt0275137,"[""Lord Martian Manhunter""]",Justice League,2001
tt0278238,"[""Samurai Jack""]",Samurai Jack,2001
tt0278238,"[""Additional Voices""]",Samurai Jack,2001
tt0278238,"[""Guard""]",Samurai Jack,2001
tt0280249,"[""Narrator""]",Dragon Ball,1995
tt0280249,"[""Rabbit Gang Member""]",Dragon Ball,1995
tt0280249,"[""Narrator (Blue Water dub)""]",Dragon Ball,1995
tt0281491,"[""Jack Jarvis""]",Still Game,2002
tt0281491,"[""Racing Commentator (voice)""]",Still Game,2002
tt0281491,"[""Victor McDade""]",Still Game,2002
tt0285331,"[""Jack Bauer""]",24,2001
tt0285331,"[""Chloe O'Brian""]",24,2001
tt0285331,"[""Tony Almeida""]",24,2001
tt0285403,"[""Dr. John 'J.D.' Dorian""]",Scrubs,2001
tt0285403,"[""Mrs. Zeebee""]",Scrubs,2001
tt0285403,"[""Dr. Christopher Turk""]",Scrubs,2001
tt0286486,"[""Detective Vic Mackey""]",The Shield,2002
tt0286486,"[""Officer Julien Lowe""]",The Shield,2002
tt0286486,"[""Detective Holland 'Dutch' Wagenbach""]",The Shield,2002
tt0290978,"[""David Brent""]",The Office,2001
tt0290978,"[""Tim Canterbury""]",The Office,2001
tt0290978,"[""Gareth Keenan""]",The Office,2001
tt0290988,"[""Julian""]",Trailer Park Boys,2001
tt0290988,"[""Ricky""]",Trailer Park Boys,2001
tt0290988,"[""Bubbles""]",Trailer Park Boys,2001
tt0294097,"[""Harvey Birdman""]","Harvey Birdman, Attorney at Law",2000
tt0294097,"[""Judge Hiram Mightor""]","Harvey Birdman, Attorney at Law",2000
tt0294097,"[""Avenger""]","Harvey Birdman, Attorney at Law",2000
tt0303461,"[""Captain Malcolm 'Mal' Reynolds""]",Firefly,2002
tt0303461,"[""Zoë Washburne""]",Firefly,2002
tt0303461,"[""Hoban 'Wash' Washburne""]",Firefly,2002
tt0305011,"[""Abe Lincoln""]",Clone High,2002
tt0305011,"[""Narrator""]",Clone High,2002
tt0305011,"[""Principal Dr. Cinnamon J. Scudworth""]",Clone High,2002
tt0306414,"[""Detective James 'Jimmy' McNulty""]",The Wire,2002
tt0306414,"[""Officer James 'Jimmy' McNulty""]",The Wire,2002
tt0306414,"[""Lieutenant Cedric Daniels""]",The Wire,2002
tt0310455,"[""Christopher Foyle""]",Foyle's War,2002
tt0310455,"[""Samantha Stewart""]",Foyle's War,2002
tt0310455,"[""Sam Wainwright""]",Foyle's War,2002
tt0312172,"[""Adrian Monk""]",Monk,2002
tt0312172,"[""Frank DePalma""]",Monk,2002
tt0312172,"[""Lieutenant Randy Disher""]",Monk,2002
tt0318871,"[""Guts""]",Berserk,1997
tt0318871,"[""Guts""]",Berserk,1997
tt0318871,"[""Caska""]",Berserk,1997
tt0346314,"[""Gondo""]",Ghost in the Shell: Stand Alone Complex,2002
tt0346314,"[""Major Motoko Kusanagi""]",Ghost in the Shell: Stand Alone Complex,2002
tt0346314,"[""Motoko Kusanagi""]",Ghost in the Shell: Stand Alone Complex,2002
tt0348913,"[""Georgia 'George' Lass""]",Dead Like Me,2003
tt0348913,"[""Mason""]",Dead Like Me,2003
tt0348913,"[""Roxy Harvey""]",Dead Like Me,2003
tt0348914,"[""Seth Bullock""]",Deadwood,2004
tt0348914,"[""Al Swearengen""]",Deadwood,2004
tt0348914,"[""Alma Garret""]",Deadwood,2004
tt0353049,"[""Various""]",Chappelle's Show,2003
tt0353049,"[""Self - Host""]",Chappelle's Show,2003
tt0353049,"[""Announcer""]",Chappelle's Show,2003
tt0361256,"[""Jaye Tyler""]",Wonderfalls,2004
tt0361256,"[""Sharon Tyler""]",Wonderfalls,2004
tt0361256,"[""Eric Gotts""]",Wonderfalls,2004
tt0362357,"[""Gerry Standing""]",New Tricks,2003
tt0362357,"[""Det. Supt. Sandra Pullman""]",New Tricks,2003
tt0362357,"[""Det.Supt.Sandra Pullman""]",New Tricks,2003
tt0367279,"[""Michael Bluth""]",Arrested Development,2003
tt0367279,"[""George-Michael Bluth""]",Arrested Development,2003
tt0367279,"[""Lindsay Bluth Fünke""]",Arrested Development,2003
tt0367409,"[""Mortimer 'Morty' Manta""]",Shaman King,2001
tt0367409,"[""Lenny""]",Shaman King,2001
tt0367409,"[""Trey Racer""]",Shaman King,2001
tt0373732,"[""Riley Freeman""]",The Boondocks,2005
tt0373732,"[""Huey Freeman""]",The Boondocks,2005
tt0373732,"[""Robert 'Granddad' Freeman""]",The Boondocks,2005
tt0374455,"[""Lt. Colonel John Sheppard""]",Stargate: Atlantis,2004
tt0374455,"[""Major John Sheppard""]",Stargate: Atlantis,2004
tt0374455,"[""Lt. Col. John Sheppard""]",Stargate: Atlantis,2004
tt0377260,"[""Frank Gallagher""]",Shameless,2004
tt0377260,"[""Frank""]",Shameless,2004
tt0377260,"[""Karen Maguire""]",Shameless,2004
tt0379632,"[""Ash Morgan""]",Hustle,2004
tt0379632,"[""Albert Stroller""]",Hustle,2004
tt0379632,"[""Eddie""]",Hustle,2004
tt0381798,"[""Tommy Gavin""]",Rescue Me,2004
tt0381798,"[""Mike Silletti""]",Rescue Me,2004
tt0381798,"[""Sean Garrity""]",Rescue Me,2004
tt0384746,"[""Kenny's mom""]",Kenny vs. Spenny,2002
tt0384746,"[""Self""]",Kenny vs. Spenny,2002
tt0384746,"[""Self - Kenny's Mom""]",Kenny vs. Spenny,2002
tt0384766,"[""Lucius Vorenus""]",Rome,2005
tt0384766,"[""Titus Pullo""]",Rome,2005
tt0384766,"[""Atia of the Julii""]",Rome,2005
tt0386676,"[""Michael Scott""]",The Office,2005
tt0386676,"[""Pam Beesly""]",The Office,2005
tt0386676,"[""Jim Halpert""]",The Office,2005
tt0387199,"[""Eric Murphy""]",Entourage,2004
tt0387199,"[""Vincent Chase""]",Entourage,2004
tt0387199,"[""Johnny 'Drama' Chase""]",Entourage,2004
tt0387764,"[""Mark Corrigan""]",Peep Show,2003
tt0387764,"[""Jeremy Usborne""]",Peep Show,2003
tt0387764,"[""Super Hans""]",Peep Show,2003
tt0388629,"[""Monkey D. Luffy""]",One Piece,1999
tt0388629,"[""Monkey D Luffy""]",One Piece,1999
tt0388629,"[""Oz""]",One Piece,1999
tt0389680,"[""Gangadhar""]",Shaktimaan,1997
tt0389680,"[""Shaktimaan""]",Shaktimaan,1997
tt0389680,"[""Geeta Vishwas""]",Shaktimaan,1997
tt0402711,"[""Alan Shore""]",Boston Legal,2004
tt0402711,"[""Denny Crane""]",Boston Legal,2004
tt0402711,"[""Shirley Schmidt""]",Boston Legal,2004
tt0407362,"[""Admiral William Adama""]",Battlestar Galactica,2004
tt0407362,"[""Commander William Adama""]",Battlestar Galactica,2004
tt0407362,"[""President Laura Roslin""]",Battlestar Galactica,2004
tt0408381,"[""Dr. Martin Ellingham""]",Doc Martin,2004
tt0408381,"[""Louisa Glasson""]",Doc Martin,2004
tt0408381,"[""Louisa Ellingham""]",Doc Martin,2004
tt0409591,"[""Naruto Uzumaki""]",Naruto,2002
tt0409591,"[""Akamaru""]",Naruto,2002
tt0409591,"[""Naruto Uzumaki""]",Naruto,2002
tt0411008,"[""Hugo 'Hurley' Reyes""]",Lost,2004
tt0411008,"[""James 'Sawyer' Ford""]",Lost,2004
tt0411008,"[""Sun-Hwa Kwon""]",Lost,2004
tt0412142,"[""Dr. Gregory House""]",House,2004
tt0412142,"[""Dr. Eric Foreman""]",House,2004
tt0412142,"[""Dr. James Wilson""]",House,2004
tt0412253,"[""Veronica Mars""]",Veronica Mars,2004
tt0412253,"[""Logan Echolls""]",Veronica Mars,2004
tt0412253,"[""Keith Mars""]",Veronica Mars,2004
tt0416394,"[""Howard Moon""]",The Mighty Boosh,2003
tt0416394,"[""Dennis""]",The Mighty Boosh,2003
tt0416394,"[""Brian Ferry""]",The Mighty Boosh,2003
tt0417299,"[""Appa""]",Avatar: The Last Airbender,2005
tt0417299,"[""Momo""]",Avatar: The Last Airbender,2005
tt0417299,"[""Additional Voices""]",Avatar: The Last Airbender,2005
tt0417373,"[""Hank Venture""]",The Venture Bros.,2003
tt0417373,"[""The Monarch""]",The Venture Bros.,2003
tt0417373,"[""Sgt. Hatred""]",The Venture Bros.,2003
tt0421357,"[""Edward Elric""]",Fullmetal Alchemist,2003
tt0421357,"[""Alphonse Elric""]",Fullmetal Alchemist,2003
tt0421357,"[""Edward Elric""]",Fullmetal Alchemist,2003
tt0421460,"[""So Meaty""]",The Soup,2004
tt0421460,"[""Courtney Stodden""]",The Soup,2004
tt0421460,"[""Kim Richards""]",The Soup,2004
tt0423661,"[""Kim Alabaster""]",Green Wing,2004
tt0423661,"[""Boyce""]",Green Wing,2004
tt0423661,"[""Harriet Schulenburg""]",Green Wing,2004
tt0423731,"[""Mugen""]",Samurai Champloo,2004
tt0423731,"[""Jin""]",Samurai Champloo,2004
tt0423731,"[""Fuu""]",Samurai Champloo,2004
tt0426719,"[""Gon Freecss""]",Hunter x Hunter,1999
tt0426719,"[""Kurapika""]",Hunter x Hunter,1999
tt0426719,"[""Fumi""]",Hunter x Hunter,1999
tt0434665,"[""Ichigo Kurosaki""]",Bleach,2004
tt0434665,"[""Hollow Ichigo""]",Bleach,2004
tt0434665,"[""Inner Hollow""]",Bleach,2004
tt0434672,"[""Valerie Cherish""]",The Comeback,2005
tt0434672,"[""Jane Benson""]",The Comeback,2005
tt0434672,"[""Mark Berman""]",The Comeback,2005
tt0434706,"[""Kenzou Tenma""]",Monster,2004
tt0434706,"[""Customer D""]",Monster,2004
tt0434706,"[""Student C""]",Monster,2004
tt0436992,"[""The Doctor""]",Doctor Who,2005
tt0436992,"[""The Doctor""]",Doctor Who,2005
tt0436992,"[""Caecilius""]",Doctor Who,2005
tt0437729,"[""Geoff Peterson""]",The Late Late Show with Craig Ferguson,2005
tt0437729,"[""Governor Arnold Schwarzenegger""]",The Late Late Show with Craig Ferguson,2005
tt0437729,"[""Narrator""]",The Late Late Show with Craig Ferguson,2005
tt0445114,"[""Andy Millman""]",Extras,2005
tt0445114,"[""Maggie Jacobs""]",Extras,2005
tt0445114,"[""Darren Lamb""]",Extras,2005
tt0452046,"[""Penelope Garcia""]",Criminal Minds,2005
tt0452046,"[""Jennifer Jareau""]",Criminal Minds,2005
tt0452046,"[""Dr. Spencer Reid""]",Criminal Minds,2005
tt0455275,"[""Lincoln 'Linc' Burrows""]",Prison Break,2005
tt0455275,"[""Lincoln Burrows""]",Prison Break,2005
tt0455275,"[""Michael Scofield""]",Prison Break,2005
tt0458290,"[""Narrator""]",Star Wars: The Clone Wars,2008
tt0458290,"[""Yoda""]",Star Wars: The Clone Wars,2008
tt0458290,"[""Admiral Yularen""]",Star Wars: The Clone Wars,2008
tt0459159,"[""Oliver Reeder""]",The Thick of It,2005
tt0459159,"[""Glenn Cullen""]",The Thick of It,2005
tt0459159,"[""Malcolm Tucker""]",The Thick of It,2005
tt0460649,"[""Ted Mosby""]",How I Met Your Mother,2005
tt0460649,"[""Marshall Eriksen""]",How I Met Your Mother,2005
tt0460649,"[""Robin Scherbatsky""]",How I Met Your Mother,2005
tt0460681,"[""Sam Winchester""]",Supernatural,2005
tt0460681,"[""Ezekiel""]",Supernatural,2005
tt0460681,"[""Gadreel""]",Supernatural,2005
tt0460690,"[""Jonas Blane""]",The Unit,2006
tt0460690,"[""Molly Blane""]",The Unit,2006
tt0460690,"[""Kim Brown""]",The Unit,2006
tt0465353,"[""Darwyn Al-Sayeed""]",Sleeper Cell,2005
tt0465353,"[""Faris al-Farik""]",Sleeper Cell,2005
tt0465353,"[""Ilija Korjenic""]",Sleeper Cell,2005
tt0472954,"[""Charlie Kelly""]",It's Always Sunny in Philadelphia,2005
tt0472954,"[""Dennis Reynolds""]",It's Always Sunny in Philadelphia,2005
tt0472954,"[""Glenn""]",It's Always Sunny in Philadelphia,2005
tt0475784,"[""Dolores Abernathy""]",Westworld,2016
tt0475784,"[""Christina""]",Westworld,2016
tt0475784,"[""Bernard Lowe""]",Westworld,2016
tt0476922,"[""Orel Puppington""]",Moral Orel,2005
tt0476922,"[""Christina Posabule""]",Moral Orel,2005
tt0476922,"[""Christina Pousable""]",Moral Orel,2005
tt0477507,"[""Laure Berthaud""]",Spiral,2005
tt0477507,"[""Joséphine Karlsson""]",Spiral,2005
tt0477507,"[""Gilou""]",Spiral,2005
tt0478942,"[""DI Sam Tyler""]",Life on Mars,2006
tt0478942,"[""DCI Gene Hunt""]",Life on Mars,2006
tt0478942,"[""DC Annie Cartwright""]",Life on Mars,2006
tt0485842,"[""Matt Albie""]",Studio 60 on the Sunset Strip,2006
tt0485842,"[""Jordan McDeere""]",Studio 60 on the Sunset Strip,2006
tt0485842,"[""Danny Tripp""]",Studio 60 on the Sunset Strip,2006
tt0491738,"[""Shawn Spencer""]",Psych,2006
tt0491738,"[""Rodney Caruso""]",Psych,2006
tt0491738,"[""Self""]",Psych,2006
tt0496424,"[""Liz Lemon""]",30 Rock,2006
tt0496424,"[""Doris""]",30 Rock,2006
tt0496424,"[""Gladys Ormphby""]",30 Rock,2006
tt0758745,"[""Eric Taylor""]",Friday Night Lights,2006
tt0758745,"[""Tami Taylor""]",Friday Night Lights,2006
tt0758745,"[""Matt Saracen""]",Friday Night Lights,2006
tt0758790,"[""King Henry VIII""]",The Tudors,2007
tt0758790,"[""Charles Brandon""]",The Tudors,2007
tt0758790,"[""Ambassador Bishop Chapuys""]",The Tudors,2007
tt0772145,"[""Logan""]",Wolverine and the X-Men,2008
tt0772145,"[""Wolverine""]",Wolverine and the X-Men,2008
tt0772145,"[""Telford Porter""]",Wolverine and the X-Men,2008
tt0773262,"[""Dexter Morgan""]",Dexter,2006
tt0773262,"[""Debra Morgan""]",Dexter,2006
tt0773262,"[""Sgt. Angel Batista""]",Dexter,2006
tt0801425,"[""Detective Brett Hopper""]",Day Break,2006
tt0801425,"[""Rita Shelten""]",Day Break,2006
tt0801425,"[""Andrea Battle""]",Day Break,2006
tt0804503,"[""Don Draper""]",Mad Men,2007
tt0804503,"[""Peggy Olson""]",Mad Men,2007
tt0804503,"[""Pete Campbell""]",Mad Men,2007
tt0805661,"[""Tommy Donnelly""]",The Black Donnellys,2007
tt0805661,"[""Jimmy Donnelly""]",The Black Donnellys,2007
tt0805661,"[""Jenny Reilly""]",The Black Donnellys,2007
tt0807832,"[""Ginko""]",Mushi-Shi,2005
tt0807832,"[""Ginko""]",Mushi-Shi,2005
tt0807832,\N,Mushi-Shi,2005
tt0810788,"[""Michael Westen""]",Burn Notice,2007
tt0810788,"[""Fiona Glenanne""]",Burn Notice,2007
tt0810788,"[""Sam Axe""]",Burn Notice,2007
tt0835434,"[""Dr. Paul Weston""]",In Treatment,2008
tt0835434,"[""Dr. Brooke Taylor""]",In Treatment,2008
tt0835434,"[""Dr. Gina Toll""]",In Treatment,2008
tt0840196,"[""Elizabeth 'Effy' Stonem""]",Skins,2007
tt0840196,"[""Effy""]",Skins,2007
tt0840196,"[""Tony""]",Skins,2007
tt0852863,"[""Phineas Flynn""]",Phineas and Ferb,2007
tt0852863,"[""Additional Voices""]",Phineas and Ferb,2007
tt0852863,"[""Crowd""]",Phineas and Ferb,2007
tt0865409,"[""Xander Crews""]",Frisky Dingo,2006
tt0865409,"[""Killface""]",Frisky Dingo,2006
tt0865409,"[""Wendell Stamps""]",Frisky Dingo,2006
tt0866442,"[""Kenny Powers""]",Eastbound & Down,2009
tt0866442,"[""Stevie Janowski""]",Eastbound & Down,2009
tt0866442,"[""April Buchanon""]",Eastbound & Down,2009
tt0874608,"[""DI Robert Lewis""]",Inspector Lewis,2006
tt0874608,"[""DS James Hathaway""]",Inspector Lewis,2006
tt0874608,"[""DI James Hathaway""]",Inspector Lewis,2006
tt0874936,"[""Detective Charlie Crews""]",Life,2007
tt0874936,"[""Dani Reese""]",Life,2007
tt0874936,"[""Ted Earley""]",Life,2007
tt0877057,"[""Light Yagami""]",Death Note,2006
tt0877057,"[""Light Yagami""]",Death Note,2006
tt0877057,"[""Touta Matsuda""]",Death Note,2006
tt0883772,"[""Ele Mesmo""]",Man vs. Wild,2006
tt0883772,"[""Self""]",Man vs. Wild,2006
tt0898266,"[""Leonard Hofstadter""]",The Big Bang Theory,2007
tt0898266,"[""Sheldon Cooper""]",The Big Bang Theory,2007
tt0898266,"[""Penny""]",The Big Bang Theory,2007
tt0903747,"[""Walter White""]",Breaking Bad,2008
tt0903747,"[""Jesse Pinkman""]",Breaking Bad,2008
tt0903747,"[""Skyler White""]",Breaking Bad,2008
tt0904208,"[""Hank Moody""]",Californication,2007
tt0904208,"[""Karen""]",Californication,2007
tt0904208,"[""Charlie Runkle""]",Californication,2007
tt0914387,"[""Patty Hewes""]",Damages,2007
tt0914387,"[""Ellen Parsons""]",Damages,2007
tt0914387,"[""Tom Shayes""]",Damages,2007
tt0925266,"[""Ned""]",Pushing Daisies,2007
tt0925266,"[""Charlotte 'Chuck' Charles""]",Pushing Daisies,2007
tt0925266,"[""Emerson Cod""]",Pushing Daisies,2007
tt0934814,"[""Chuck Bartowski""]",Chuck,2007
tt0934814,"[""Sarah Walker""]",Chuck,2007
tt0934814,"[""Morgan Grimes""]",Chuck,2007
tt0944947,"[""Daenerys Targaryen""]",Game of Thrones,2011
tt0944947,"[""Tyrion Lannister""]",Game of Thrones,2011
tt0944947,"[""Jon Snow""]",Game of Thrones,2011
tt0948103,"[""Simon""]",Gurren Lagann,2007
tt0948103,"[""Bûta""]",Gurren Lagann,2007
tt0948103,"[""Boota""]",Gurren Lagann,2007
tt0948538,"[""Dan Vasser""]",Journeyman,2007
tt0948538,"[""Katie Vasser""]",Journeyman,2007
tt0948538,"[""Livia Beale""]",Journeyman,2007
tt0974077,"[""Miss Matty Jenkyns""]",Cranford,2007
tt0974077,"[""Miss Pole""]",Cranford,2007
tt0974077,"[""Mrs Forrester""]",Cranford,2007
tt0976192,"[""Peter Parker""]",The Spectacular Spider-Man,2008
tt0976192,"[""Spider-Man""]",The Spectacular Spider-Man,2008
tt0976192,"[""Gwen Stacy""]",The Spectacular Spider-Man,2008
tt0979432,"[""Enoch 'Nucky' Thompson""]",Boardwalk Empire,2010
tt0979432,"[""Margaret Thompson""]",Boardwalk Empire,2010
tt0979432,"[""Margaret Schroeder""]",Boardwalk Empire,2010
tt0983983,"[""Shaun""]",Shaun the Sheep,2007
tt0983983,"[""Timmy""]",Shaun the Sheep,2007
tt0983983,"[""The Pigs""]",Shaun the Sheep,2007
tt0985344,"[""Raki""]",Claymore,2007
tt0985344,"[""Claire""]",Claymore,2007
tt0985344,"[""Clare""]",Claymore,2007
tt0988824,"[""Iruka, Shino, Madara, Obito""]",Naruto: Shippuden,2007
tt0988824,"[""Naruto Uzumaki""]",Naruto: Shippuden,2007
tt0988824,"[""Akamaru""]",Naruto: Shippuden,2007
tt1001482,"[""Tara Gregson""]",United States of Tara,2009
tt1001482,"[""Max Gregson""]",United States of Tara,2009
tt1001482,"[""Charmaine Craine""]",United States of Tara,2009
tt10050772,"[""Various""]",I Think You Should Leave with Tim Robinson,2019
tt10050772,"[""Baby of the Year Host""]",I Think You Should Leave with Tim Robinson,2019
tt10050772,"[""Danny Green""]",I Think You Should Leave with Tim Robinson,2019
tt1008108,"[""DCI Gene Hunt""]",Ashes to Ashes,2008
tt1008108,"[""DI Alex Drake""]",Ashes to Ashes,2008
tt1008108,"[""DS Ray Carling""]",Ashes to Ashes,2008
tt10166602,"[""Victor Salazar""]","Love, Victor",2020
tt10166602,"[""Mia Brooks""]","Love, Victor",2020
tt10166602,"[""Felix Weston""]","Love, Victor",2020
tt10183988,"[""Julie Molina""]",Julie and the Phantoms,2020
tt10183988,"[""Luke Patterson""]",Julie and the Phantoms,2020
tt10183988,"[""Alex Mercer""]",Julie and the Phantoms,2020
tt10233448,"[""Thorfinn""]",Vinland Saga,2019
tt10233448,"[""Atli""]",Vinland Saga,2019
tt10233448,"[""Fox""]",Vinland Saga,2019
tt10314462,"[""Zoey""]",Zoey's Extraordinary Playlist,2020
tt10314462,"[""Max""]",Zoey's Extraordinary Playlist,2020
tt10314462,"[""Mo""]",Zoey's Extraordinary Playlist,2020
tt10482560,"[""Kipo Oak""]",Kipo and the Age of Wonderbeasts,2020
tt10482560,"[""Wolf""]",Kipo and the Age of Wonderbeasts,2020
tt10482560,"[""Mandu""]",Kipo and the Age of Wonderbeasts,2020
tt1051155,"[""Narrator""]",The Universe,2007
tt1051155,"[""JPL""]",The Universe,2007
tt1051155,"[""Self - NASA""]",The Universe,2007
tt10590066,"[""Siegfried Farnon""]",All Creatures Great and Small,2020
tt10590066,"[""Mrs. Hall""]",All Creatures Great and Small,2020
tt10590066,"[""James Herriot""]",All Creatures Great and Small,2020
tt1064899,"[""Teresa Mendoza""]",Queen of the South,2016
tt1064899,"[""Pote Galvez""]",Queen of the South,2016
tt1064899,"[""James Valdez""]",Queen of the South,2016
tt1073507,"[""Henry Pollard""]",Party Down,2009
tt1073507,"[""Ron Donald""]",Party Down,2009
tt1073507,"[""Kyle Bradway""]",Party Down,2009
tt1077744,"[""Laura Timmins""]",Lark Rise to Candleford,2008
tt1077744,"[""Adult Laura""]",Lark Rise to Candleford,2008
tt1077744,"[""Dorcas Lane""]",Lark Rise to Candleford,2008
tt10801534,"[""Liquored Up Man at Bar""]",How to with John Wilson,2020
tt10801534,"[""TikTok Boy""]",How to with John Wilson,2020
tt10850932,"[""Ri Jeong-hyeok""]",Crash Landing on You,2019
tt10850932,"[""Yoon Se-ri""]",Crash Landing on You,2019
tt10850932,"[""Seo Dan""]",Crash Landing on You,2019
tt1086191,"[""Pete Brockman""]",Outnumbered,2007
tt1086191,"[""Ben Brockman""]",Outnumbered,2007
tt1086191,"[""Karen Brockman""]",Outnumbered,2007
tt1091909,"[""Detective William Murdoch""]",Murdoch Mysteries,2008
tt1091909,"[""Inspector William Murdoch""]",Murdoch Mysteries,2008
tt1091909,"[""Inspector Thomas Brackenreid""]",Murdoch Mysteries,2008
tt10919420,"[""Seong Gi-hoon""]",Squid Game,2021
tt10919420,"[""Hwang Jun-ho""]",Squid Game,2021
tt10919420,"[""Game Guide""]",Squid Game,2021
tt1094229,"[""Amy Fleming""]",Heartland,2007
tt1094229,"[""Amy""]",Heartland,2007
tt1094229,"[""Samantha Louise 'Lou' Fleming""]",Heartland,2007
tt10982034,"[""Jason Ross""]",Trying,2020
tt10982034,"[""Nikki Newman""]",Trying,2020
tt10982034,"[""Karen Newman""]",Trying,2020
tt10986410,"[""Leslie Higgins""]",Ted Lasso,2020
tt10986410,"[""Ted Lasso""]",Ted Lasso,2020
tt10986410,"[""Rebecca Welton""]",Ted Lasso,2020
tt11052470,"[""Jo Sang-goo""]",Move to Heaven,2021
tt11052470,"[""Oh Mi Ran""]",Move to Heaven,2021
tt11052470,"[""Geu Ru""]",Move to Heaven,2021
tt11126994,"[""Jayce""]",Arcane,2021
tt11126994,"[""Workshop Owner""]",Arcane,2021
tt11126994,"[""Vi""]",Arcane,2021
tt11147852,"[""Caiman""]",Dorohedoro,2020
tt11147852,"[""Nikaido""]",Dorohedoro,2020
tt11147852,"[""En""]",Dorohedoro,2020
tt1119644,"[""Olivia Dunham""]",Fringe,2008
tt1119644,"[""Alternate Olivia Dunham""]",Fringe,2008
tt1119644,"[""William Bell""]",Fringe,2008
tt11204260,"[""Arabella""]",I May Destroy You,2020
tt11204260,"[""Terry""]",I May Destroy You,2020
tt11204260,"[""Kwame""]",I May Destroy You,2020
tt11239552,"[""Park Sae Ro Yi""]",Itaewon Class,2020
tt11239552,"[""Jo Yi Seo""]",Itaewon Class,2020
tt11239552,"[""Jang Dae-hee""]",Itaewon Class,2020
tt1124373,"[""Jackson 'Jax' Teller""]",Sons of Anarchy,2008
tt1124373,"[""Gemma Teller Morrow""]",Sons of Anarchy,2008
tt1124373,"[""Robert 'Bobby Elvis' Munson""]",Sons of Anarchy,2008
tt11301642,"[""Meryem""]",Ethos,2020
tt11301642,"[""Yasin""]",Ethos,2020
tt11301642,"[""Ruhiye""]",Ethos,2020
tt1137462,"[""King Silas Benjamin""]",Kings,2009
tt1137462,"[""David Shepherd""]",Kings,2009
tt1137462,"[""Queen Rose Benjamin""]",Kings,2009
tt1138475,"[""Codex""]",The Guild,2007
tt1138475,"[""Cyd Sherman""]",The Guild,2007
tt1138475,"[""Zaboo""]",The Guild,2007
tt11398870,"[""Pervin El Kaddouri""]",Caliphate,2020
tt11398870,"[""Husam El Kaddouri""]",Caliphate,2020
tt11398870,"[""Fatima Zukic""]",Caliphate,2020
tt11639414,"[""Universe Simulator""]",The Midnight Gospel,2020
tt11639414,"[""Pyro Moth""]",The Midnight Gospel,2020
tt11639414,"[""Carl Tronch""]",The Midnight Gospel,2020
tt11712058,"[""Mike McLusky""]",Mayor of Kingstown,2021
tt11712058,"[""Ian""]",Mayor of Kingstown,2021
tt11712058,"[""Deverin 'Bunny' Washington""]",Mayor of Kingstown,2021
tt11769304,"[""Lee Ik Joon""]",Hospital Playlist,2020
tt11769304,"[""Ahn Jeong Won""]",Hospital Playlist,2020
tt11769304,"[""Kim Joon-wan""]",Hospital Playlist,2020
tt1178522,"[""Amy Dorrit""]",Little Dorrit,2008
tt1178522,"[""Arthur Clennam""]",Little Dorrit,2008
tt1178522,"[""Mr. Dorrit""]",Little Dorrit,2008
tt11815682,"[""Deborah Vance""]",Hacks,2021
tt11815682,"[""Ava Daniels""]",Hacks,2021
tt11815682,"[""Marcus""]",Hacks,2021
tt11854694,"[""Himmat Singh""]",Special OPS,2020
tt11854694,"[""Farooq Ali""]",Special OPS,2020
tt11854694,"[""Saroj""]",Special OPS,2020
tt1190634,"[""Billy Butcher""]",The Boys,2019
tt1190634,"[""Hughie Campbell""]",The Boys,2019
tt1190634,"[""Homelander""]",The Boys,2019
tt1196946,"[""Patrick Jane""]",The Mentalist,2008
tt1196946,"[""Teresa Lisbon""]",The Mentalist,2008
tt1196946,"[""Kimball Cho""]",The Mentalist,2008
tt12063450,"[""Fushi""]",To Your Eternity,2021
tt12063450,"[""Fushi""]",To Your Eternity,2021
tt12063450,"[""The Observer""]",To Your Eternity,2021
tt12074628,"[""Pim""]",Smiling Friends,2020
tt12074628,"[""Allan""]",Smiling Friends,2020
tt12074628,"[""Alan""]",Smiling Friends,2020
tt1219024,"[""Richard Castle""]",Castle,2009
tt1219024,"[""Joe Flynn""]",Castle,2009
tt1219024,"[""Kate Beckett""]",Castle,2009
tt12197698,"[""Sophie Devereaux""]",Leverage: Redemption,2021
tt12197698,"[""Eliot Spencer""]",Leverage: Redemption,2021
tt12197698,"[""Parker""]",Leverage: Redemption,2021
tt1220617,"[""Will McKenzie""]",The Inbetweeners,2008
tt1220617,"[""Jay Cartwright""]",The Inbetweeners,2008
tt1220617,"[""Neil Sutherland""]",The Inbetweeners,2008
tt12343534,"[""Yuji Itadori""]",Jujutsu Kaisen,2020
tt12343534,"[""Yuuji Itadori""]",Jujutsu Kaisen,2020
tt12343534,"[""Yuji Itadori (voice)""]",Jujutsu Kaisen,2020
tt1235099,"[""Dr. Cal Lightman""]",Lie to Me,2009
tt1235099,"[""Dr. Gillian Foster""]",Lie to Me,2009
tt1235099,"[""Eli Loker""]",Lie to Me,2009
tt1235547,"[""Ted Crisp""]",Better Off Ted,2009
tt1235547,"[""Veronica Palmer""]",Better Off Ted,2009
tt1235547,"[""Linda Zwordling""]",Better Off Ted,2009
tt12369754,"[""David Tennant""]",Staged,2020
tt12369754,"[""William Shakespeare""]",Staged,2020
tt12369754,"[""Michael Sheen""]",Staged,2020
tt12392504,"[""Harshad Mehta""]",Scam 1992: The Harshad Mehta Story,2020
tt12392504,"[""Sucheta Dalal""]",Scam 1992: The Harshad Mehta Story,2020
tt12392504,"[""Ashwin Mehta""]",Scam 1992: The Harshad Mehta Story,2020
tt12411074,"[""Maggie Mckillop""]",Paranormal,2020
tt12411074,"[""Wahbi""]",Paranormal,2020
tt12411074,"[""Huwaida Abdel Moniem""]",Paranormal,2020
tt12585152,"[""Amos Ammonite""]",Down to Earth with Zac Efron,2020
tt12585152,"[""Carl the Coral""]",Down to Earth with Zac Efron,2020
tt12585152,"[""Flamey""]",Down to Earth with Zac Efron,2020
tt1266020,"[""Leslie Knope""]",Parks and Recreation,2009
tt1266020,"[""Jerry Gergich""]",Parks and Recreation,2009
tt1266020,"[""Ron Swanson""]",Parks and Recreation,2009
tt1270367,"[""Don Danbury""]",How Not to Live Your Life,2007
tt1270367,"[""Eddie Singh""]",How Not to Live Your Life,2007
tt1270367,"[""Mrs. Treacher""]",How Not to Live Your Life,2007
tt12714854,"[""Dr. Kaushik Oberoi""]",Mumbai Diaries 26/11,2021
tt12714854,"[""Dr. Chitra Das""]",Mumbai Diaries 26/11,2021
tt12714854,"[""Ananya Ghosh""]",Mumbai Diaries 26/11,2021
tt1279972,"[""LaDonna Batiste-Williams""]",Treme,2010
tt1279972,"[""Delmond Lambreaux""]",Treme,2010
tt1279972,"[""Janette Desautel""]",Treme,2010
tt12867810,"[""Seo Dal Mi""]",Start-Up,2020
tt12867810,"[""Nam Do San""]",Start-Up,2020
tt12867810,"[""Han Ji-pyung""]",Start-Up,2020
tt1299368,"[""Officer John Cooper""]",Southland,2009
tt1299368,"[""Detective Sammy Bryant""]",Southland,2009
tt1299368,"[""Officer Sammy Bryant""]",Southland,2009
tt13024974,"[""Ahn Joon-ho""]",D.P.,2021
tt13024974,"[""Park Beom-goo""]",D.P.,2021
tt13024974,"[""Im Ji-sup""]",D.P.,2021
tt1305826,"[""Jake""]",Adventure Time,2010
tt1305826,"[""Additional Voices""]",Adventure Time,2010
tt1305826,"[""Banana Guards""]",Adventure Time,2010
tt13138834,"[""Marie-Louise O'Dell""]",Time,2021
tt13138834,"[""Mark Cobden""]",Time,2021
tt13138834,"[""Orla O'Riordan""]",Time,2021
tt13206988,"[""Mathi""]",Paava Kadhaigal,2020
tt13206988,"[""Janakiraman""]",Paava Kadhaigal,2020
tt13206988,"[""Aadhilakshmi""]",Paava Kadhaigal,2020
tt13273826,"[""So Moon""]",The Uncanny Counter,2020
tt13273826,"[""Ga Mo-tak""]",The Uncanny Counter,2020
tt13273826,"[""Do Ha-na""]",The Uncanny Counter,2020
tt13274038,"[""Lim Ju Kyung""]",True Beauty,2020
tt13274038,"[""Lee Soo Ho""]",True Beauty,2020
tt13274038,"[""Han Seo Jun""]",True Beauty,2020
tt13293588,"[""Rudeus Greyrat""]",Mushoku Tensei: Jobless Reincarnation,2021
tt13293588,"[""Rudeus Greyrat (thought voice)""]",Mushoku Tensei: Jobless Reincarnation,2021
tt13293588,"[""Sylphiette""]",Mushoku Tensei: Jobless Reincarnation,2021
tt13304700,"[""Im Soo-ho""]",Snowdrop,2021
tt13304700,"[""Eun Young-ro""]",Snowdrop,2021
tt13304700,"[""Joo Gyeok-chan""]",Snowdrop,2021
tt13409432,"[""Bojji""]",Ranking of Kings,2021
tt13409432,"[""Kage""]",Ranking of Kings,2021
tt13409432,"[""Kage""]",Ranking of Kings,2021
tt13433812,"[""Vincenzo Cassano""]",Vincenzo,2021
tt13433812,"[""Park Joo-hyeong""]",Vincenzo,2021
tt13433812,"[""Hong Cha-yeong""]",Vincenzo,2021
tt1344204,"[""Alex Moran""]",Blue Mountain State,2010
tt1344204,"[""Thad Castle""]",Blue Mountain State,2010
tt1344204,"[""Sammy Cacciatore""]",Blue Mountain State,2010
tt1355642,"[""Narrator""]",Fullmetal Alchemist: Brotherhood,2009
tt1355642,"[""Father""]",Fullmetal Alchemist: Brotherhood,2009
tt1355642,"[""Homunculus""]",Fullmetal Alchemist: Brotherhood,2009
tt1358522,"[""Neal Caffrey""]",White Collar,2009
tt1358522,"[""Peter Burke""]",White Collar,2009
tt1358522,"[""Mozzie""]",White Collar,2009
tt13623580,"[""Bear Smallhill""]",Reservation Dogs,2021
tt13623580,"[""Elora Danan Postoak""]",Reservation Dogs,2021
tt13623580,"[""Willie Jack""]",Reservation Dogs,2021
tt13675832,"[""Yilmaz""]",As If,2021
tt13675832,"[""Dominus""]",As If,2021
tt13675832,"[""Ilkkan""]",As If,2021
tt1399664,"[""Jonathan Pine""]",The Night Manager,2016
tt1399664,"[""Angela Burr""]",The Night Manager,2016
tt1399664,"[""Sandy Langbourne""]",The Night Manager,2016
tt1400819,"[""Various""]",Horrible Histories,2009
tt1400819,"[""Presenter - History's Craziest Fools""]",Horrible Histories,2009
tt1400819,"[""George IV""]",Horrible Histories,2009
tt1409055,"[""Son Gokû""]",Dragon Ball Z Kai,2009
tt1409055,"[""Son Gohan""]",Dragon Ball Z Kai,2009
tt1409055,"[""Son Goten""]",Dragon Ball Z Kai,2009
tt1416765,"[""Adam Braverman""]",Parenthood,2010
tt1416765,"[""Sarah Braverman""]",Parenthood,2010
tt1416765,"[""Crosby Braverman""]",Parenthood,2010
tt14218830,"[""Janine Teagues""]",Abbott Elementary,2021
tt14218830,"[""Gregory Eddie""]",Abbott Elementary,2021
tt14218830,"[""Ava Coleman""]",Abbott Elementary,2021
tt1430509,"[""DCI George Gently""]",Inspector George Gently,2007
tt1430509,"[""DS John Bacchus""]",Inspector George Gently,2007
tt1430509,"[""DI John Bacchus""]",Inspector George Gently,2007
tt1439629,"[""Jeff Winger""]",Community,2009
tt1439629,"[""Wingman""]",Community,2009
tt1439629,"[""Abed Nadir""]",Community,2009
tt1442437,"[""Jay Pritchett""]",Modern Family,2009
tt1442437,"[""Gloria Delgado-Pritchett""]",Modern Family,2009
tt1442437,"[""Claire Dunphy""]",Modern Family,2009
tt1442449,"[""Spartacus""]",Spartacus,2010
tt1442449,"[""Lucretia""]",Spartacus,2010
tt1442449,"[""Crixus""]",Spartacus,2010
tt1442462,"[""Alicia Florrick""]",The Good Wife,2009
tt1442462,"[""Peter Florrick""]",The Good Wife,2009
tt1442462,"[""Will Gardner""]",The Good Wife,2009
tt14479078,"[""Jayant Parekh""]",Candy,2021
tt14479078,"[""Ratna Sankhwar""]",Candy,2021
tt14479078,"[""Money Ranaut""]",Candy,2021
tt14518756,"[""Yoon Hye Jin""]",Hometown Cha-Cha-Cha,2021
tt14518756,"[""Hong Doo-shik""]",Hometown Cha-Cha-Cha,2021
tt14518756,"[""Choi Geum Cheol""]",Hometown Cha-Cha-Cha,2021
tt14664414,"[""Wilhelm""]",Young Royals,2021
tt14664414,"[""Simon""]",Young Royals,2021
tt14664414,"[""August""]",Young Royals,2021
tt1474684,"[""DCI John Luther""]",Luther,2010
tt1474684,"[""DSU Martin Schenk""]",Luther,2010
tt1474684,"[""DCI Martin Schenk""]",Luther,2010
tt1475582,"[""Sherlock Holmes""]",Sherlock,2010
tt1475582,"[""Dr. John Watson""]",Sherlock,2010
tt1475582,"[""Mrs. Hudson""]",Sherlock,2010
tt1476750,"[""Josephine Pratchett""]",River Monsters,2009
tt1480684,"[""Pete Eckhart""]",The League,2009
tt1480684,"[""Pete""]",The League,2009
tt1480684,"[""Taco""]",The League,2009
tt1486217,"[""Sterling Archer""]",Archer,2009
tt1486217,"[""Bob Belcher""]",Archer,2009
tt1486217,"[""Cheryl Tunt""]",Archer,2009
tt1489428,"[""Raylan Givens""]",Justified,2010
tt1489428,"[""Art Mullen""]",Justified,2010
tt1489428,"[""Ava Crowder""]",Justified,2010
tt1492179,"[""Sgt. Michael Stonebridge""]",Strike Back,2010
tt1492179,"[""Self""]",Strike Back,2010
tt1492179,"[""Sgt. Damien Scott""]",Strike Back,2010
tt1492966,"[""Louie""]",Louie,2010
tt1492966,"[""Lilly""]",Louie,2010
tt1492966,"[""Jane""]",Louie,2010
tt1493239,"[""Hank Dolworth""]",Terriers,2010
tt1493239,"[""Britt Pollack""]",Terriers,2010
tt1493239,"[""Katie Nichols""]",Terriers,2010
tt15026724,"[""Choi Woong""]",Our Beloved Summer,2021
tt15026724,"[""Gook Yeon-soo""]",Our Beloved Summer,2021
tt15026724,"[""NJ""]",Our Beloved Summer,2021
tt1515193,"[""Cathy Jamison""]",The Big C,2010
tt1515193,"[""Paul Jamison""]",The Big C,2010
tt1515193,"[""Adam Jamison""]",The Big C,2010
tt1520211,"[""Rick Grimes""]",The Walking Dead,2010
tt1520211,"[""Radio Personality""]",The Walking Dead,2010
tt1520211,"[""Daryl Dixon""]",The Walking Dead,2010
tt1526318,"[""Birgitte Nyborg""]",Borgen,2010
tt1526318,"[""Birgitte Nyborg Christensen""]",Borgen,2010
tt1526318,"[""Katrine Fønsmark""]",Borgen,2010
tt1530541,"[""Nina Proudman""]",Offspring,2010
tt1530541,"[""Billie Proudman""]",Offspring,2010
tt1530541,"[""Jimmy Proudman""]",Offspring,2010
tt1533435,"[""Miranda""]",Miranda,2009
tt1533435,"[""Penny""]",Miranda,2009
tt1533435,"[""Stevie""]",Miranda,2009
tt1534360,"[""Ezel Bayraktar""]",Ezel,2009
tt1534360,"[""Eysan Atay""]",Ezel,2009
tt1534360,"[""Cengiz Atay""]",Ezel,2009
tt1548850,"[""Curtis Donovan""]",Misfits,2009
tt1548850,"[""Rudy Wade""]",Misfits,2009
tt1548850,"[""Simon Bellamy""]",Misfits,2009
tt1561755,"[""Bob Belcher""]",Bob's Burgers,2011
tt1561755,"[""Jimmy Jr.""]",Bob's Burgers,2011
tt1561755,"[""Bob""]",Bob's Burgers,2011
tt1567254,"[""Dan Stark""]",The Good Guys,2010
tt1567254,"[""Jack Bailey""]",The Good Guys,2010
tt1567254,"[""A.D.A. Liz Traynor""]",The Good Guys,2010
tt1586680,"[""Fiona Gallagher""]",Shameless,2011
tt1586680,"[""Frank Gallagher""]",Shameless,2011
tt1586680,"[""Jerry Gallagher""]",Shameless,2011
tt1587000,"[""Cleaver Greene""]",Rake,2010
tt1587000,"[""David Potter""]",Rake,2010
tt1587000,"[""Nicole""]",Rake,2010
tt1606375,"[""Robert Crawley, Earl of Grantham""]",Downton Abbey,2010
tt1606375,"[""Mrs. Hughes""]",Downton Abbey,2010
tt1606375,"[""Cora Crawley, Countess of Grantham""]",Downton Abbey,2010
tt1610527,"[""Blake Henderson""]",Workaholics,2011
tt1610527,"[""Adam DeMamp""]",Workaholics,2011
tt1610527,"[""Adam Demamp""]",Workaholics,2011
tt1615919,"[""Jimmy Chance""]",Raising Hope,2010
tt1615919,"[""Virginia Chance""]",Raising Hope,2010
tt1615919,"[""Burt Chance""]",Raising Hope,2010
tt1621748,"[""Mark Lilly""]",Ugly Americans,2010
tt1621748,"[""Callie Maggotbone""]",Ugly Americans,2010
tt1621748,"[""Randall Skeffington""]",Ugly Americans,2010
tt1628033,"[""The Stig""]",Top Gear,2002
tt1628033,"[""Self""]",Top Gear,2002
tt1632701,"[""Harvey Specter""]",Suits,2011
tt1632701,"[""Mike Ross""]",Suits,2011
tt1632701,"[""Rachel Zane""]",Suits,2011
tt1637727,"[""Sarah Linden""]",The Killing,2011
tt1637727,"[""Stephen Holder""]",The Killing,2011
tt1637727,"[""Darren Richmond""]",The Killing,2011
tt1641384,"[""Conner Kent""]",Young Justice,2010
tt1641384,"[""Superboy""]",Young Justice,2010
tt1641384,"[""Clark Kent""]",Young Justice,2010
tt1657563,"[""Dr. Steve Brule""]",Check It Out! with Dr. Steve Brule,2010
tt1657563,"[""Stan Brule""]",Check It Out! with Dr. Steve Brule,2010
tt1657563,"[""Carol Krabbit""]",Check It Out! with Dr. Steve Brule,2010
tt1660055,"[""Fred Jones""]",Scooby-Doo! Mystery Incorporated,2010
tt1660055,"[""Scooby-Doo""]",Scooby-Doo! Mystery Incorporated,2010
tt1660055,"[""Barty Blake""]",Scooby-Doo! Mystery Incorporated,2010
tt1693592,"[""DCI Vera Stanhope""]",Vera,2011
tt1693592,"[""DC Kenny Lockhart""]",Vera,2011
tt1693592,"[""DC Mark Edwards""]",Vera,2011
tt1695360,"[""Korra""]",The Legend of Korra,2012
tt1695360,"[""Additional Voices""]",The Legend of Korra,2012
tt1695360,"[""May""]",The Legend of Korra,2012
tt1698441,"[""Steve""]",The Trip,2010
tt1698441,"[""Rob""]",The Trip,2010
tt1698441,"[""Emma""]",The Trip,2010
tt1699748,"[""Cullen Bohannon""]",Hell on Wheels,2011
tt1699748,"[""Thomas 'Doc' Durant""]",Hell on Wheels,2011
tt1699748,"[""Eva""]",Hell on Wheels,2011
tt1710308,"[""Mordecai""]",Regular Show,2010
tt1710308,"[""Hi Five Ghost""]",Regular Show,2010
tt1710308,"[""High Five Ghost""]",Regular Show,2010
tt1717455,"[""Martha Costello QC""]",Silk,2011
tt1717455,"[""Clive Reader""]",Silk,2011
tt1717455,"[""Clive Reader QC""]",Silk,2011
tt1724587,"[""Green Lantern""]",Green Lantern: The Animated Series,2011
tt1724587,"[""Hal Jordan""]",Green Lantern: The Animated Series,2011
tt1724587,"[""Manhunters""]",Green Lantern: The Animated Series,2011
tt1759761,"[""Selina Meyer""]",Veep,2012
tt1759761,"[""Gary Walsh""]",Veep,2012
tt1759761,"[""Amy Brookheimer""]",Veep,2012
tt1778108,"[""Bel Rowley""]",The Hour,2011
tt1778108,"[""Freddie Lyon""]",The Hour,2011
tt1778108,"[""Hector Madden""]",The Hour,2011
tt1796960,"[""Carrie Mathison""]",Homeland,2011
tt1796960,"[""Saul Berenson""]",Homeland,2011
tt1796960,"[""Nicholas Brody""]",Homeland,2011
tt1812523,"[""Beck""]",Tron: Uprising,2012
tt1812523,"[""Voice of the Grid""]",Tron: Uprising,2012
tt1812523,"[""Additional Voices""]",Tron: Uprising,2012
tt1830379,"[""Dushane""]",Top Boy,2011
tt1830379,"[""Sully""]",Top Boy,2011
tt1830379,"[""Jaq""]",Top Boy,2011
tt1831164,"[""Mecnun""]",Leyla and Mecnun,2011
tt1831164,"[""Ismail""]",Leyla and Mecnun,2011
tt1831164,"[""Yavuz""]",Leyla and Mecnun,2011
tt1833285,"[""Mayor Tom Kane""]",Boss,2011
tt1833285,"[""Meredith Kane""]",Boss,2011
tt1833285,"[""Emma Kane""]",Boss,2011
tt1836037,"[""Sheriff Walt Longmire""]",Longmire,2012
tt1836037,"[""Victoria 'Vic' Moretti""]",Longmire,2012
tt1836037,"[""Henry Standing Bear""]",Longmire,2012
tt1839578,"[""John Reese""]",Person of Interest,2011
tt1839578,"[""Detective Jocelyn 'Joss' Carter""]",Person of Interest,2011
tt1839578,"[""Officer Jocelyn 'Joss' Carter""]",Person of Interest,2011
tt1843678,"[""DC Rachel Bailey""]",Scott & Bailey,2011
tt1843678,"[""DS Rachel Bailey""]",Scott & Bailey,2011
tt1843678,"[""ADI Rachel Bailey""]",Scott & Bailey,2011
tt1844624,"[""The Countess""]",American Horror Story,2011
tt1844624,"[""Scáthach""]",American Horror Story,2011
tt1844624,"[""Madame Delphine LaLaurie""]",American Horror Story,2011
tt1844923,"[""Jackie Goodman""]",Friday Night Dinner,2011
tt1844923,"[""Adam Goodman""]",Friday Night Dinner,2011
tt1844923,"[""Martin Goodman""]",Friday Night Dinner,2011
tt1856010,"[""Francis Underwood""]",House of Cards,2013
tt1856010,"[""President Garrett Walker""]",House of Cards,2013
tt1856010,"[""Claire Underwood""]",House of Cards,2013
tt1865718,"[""Dipper Pines""]",Gravity Falls,2012
tt1865718,"[""Dipper Clones""]",Gravity Falls,2012
tt1865718,"[""Pelican Voice #2""]",Gravity Falls,2012
tt1869454,"[""Crowley""]",Good Omens,2019
tt1869454,"[""Aziraphale""]",Good Omens,2019
tt1869454,"[""Shax""]",Good Omens,2019
tt1870479,"[""Will McAvoy""]",The Newsroom,2012
tt1870479,"[""MacKenzie McHale""]",The Newsroom,2012
tt1870479,"[""Jim Harper""]",The Newsroom,2012
tt1909015,"[""Martin Hristov""]",Undercover,2011
tt1909015,"[""Ivo Andonov""]",Undercover,2011
tt1909015,"[""Ivo""]",Undercover,2011
tt1910272,"[""Rintarou Okabe""]",Steins;Gate,2011
tt1910272,"[""Kurisu Makise""]",Steins;Gate,2011
tt1910272,"[""Mayuri Shiina""]",Steins;Gate,2011
tt1942683,"[""Richard Watterson""]",The Amazing World of Gumball,2011
tt1942683,"[""Doughnut Sheriff""]",The Amazing World of Gumball,2011
tt1942683,"[""Gary Hedges""]",The Amazing World of Gumball,2011
tt1973692,"[""Rita Madsen""]",Rita,2012
tt1973692,"[""Hjørdis""]",Rita,2012
tt1973692,"[""Jeppe Madsen""]",Rita,2012
tt1981558,"[""Various Characters""]",Key and Peele,2012
tt1981558,"[""Self""]",Key and Peele,2012
tt1981558,"[""African Man #1""]",Key and Peele,2012
tt1983079,"[""Mature Jennifer Worth""]",Call the Midwife,2012
tt1983079,"[""Mature Jenny""]",Call the Midwife,2012
tt1983079,"[""Mature Jenny Worth""]",Call the Midwife,2012
tt1988386,"[""Phryne Fisher""]",Miss Fisher's Murder Mysteries,2012
tt1988386,"[""Detective John 'Jack' Robinson""]",Miss Fisher's Murder Mysteries,2012
tt1988386,"[""Det Inspector Jack Robinson""]",Miss Fisher's Murder Mysteries,2012
tt2017109,"[""Lucas Hood""]",Banshee,2013
tt2017109,"[""Carrie Hopewell""]",Banshee,2013
tt2017109,"[""Anastasia""]",Banshee,2013
tt2049116,"[""Genny Savastano""]",Gomorrah,2014
tt2049116,"[""Ciro Di Marzio""]",Gomorrah,2014
tt2049116,"[""Azzurra Avitabile""]",Gomorrah,2014
tt2085059,"[""Nida Huq""]",Black Mirror,2011
tt2085059,"[""Space Cop""]",Black Mirror,2011
tt2085059,"[""Nanette Cole""]",Black Mirror,2011
tt2098220,"[""Narrator""]",Hunter x Hunter,2011
tt2098220,"[""Peggy""]",Hunter x Hunter,2011
tt2098220,"[""Angry Crowd""]",Hunter x Hunter,2011
tt2141913,"[""Forrest MacNeil""]",Review,2014
tt2141913,"[""Suzanne MacNeil""]",Review,2014
tt2141913,"[""A.J. Gibbs""]",Review,2014
tt2149175,"[""Elizabeth Jennings""]",The Americans,2013
tt2149175,"[""Philip Jennings""]",The Americans,2013
tt2149175,"[""Henry Jennings""]",The Americans,2013
tt2155025,"[""Josh""]",Please Like Me,2013
tt2155025,"[""Tom""]",Please Like Me,2013
tt2155025,"[""John the Dog""]",Please Like Me,2013
tt2183404,"[""Daniel Holden""]",Rectify,2013
tt2183404,"[""Amantha Holden""]",Rectify,2013
tt2183404,"[""Janet Talbot""]",Rectify,2013
tt2183641,"[""Det. Insp. Edmund Reid""]",Ripper Street,2012
tt2183641,"[""Cpt. Homer Jackson""]",Ripper Street,2012
tt2183641,"[""Dr. Homer Jackson""]",Ripper Street,2012
tt2188671,"[""Norma Louise Bates""]",Bates Motel,2013
tt2188671,"[""Norman Bates""]",Bates Motel,2013
tt2188671,"[""Dylan Massett""]",Bates Motel,2013
tt2189461,"[""Marco Polo""]",Marco Polo,2014
tt2189461,"[""Kublai Khan""]",Marco Polo,2014
tt2189461,"[""Empress Chabi""]",Marco Polo,2014
tt2216156,"[""Celia""]",Last Tango in Halifax,2012
tt2216156,"[""Alan""]",Last Tango in Halifax,2012
tt2216156,"[""Caroline""]",Last Tango in Halifax,2012
tt2234222,"[""Sarah Manning""]",Orphan Black,2013
tt2234222,"[""Cosima Niehaus""]",Orphan Black,2013
tt2234222,"[""Alison Hendrix""]",Orphan Black,2013
tt2235759,"[""Catherine""]",The Great,2020
tt2235759,"[""Marial""]",The Great,2020
tt2235759,"[""Grigor Dymov""]",The Great,2020
tt2243973,"[""Will Graham""]",Hannibal,2013
tt2243973,"[""Dr. Hannibal Lecter""]",Hannibal,2013
tt2243973,"[""Dr. Alana Bloom""]",Hannibal,2013
tt2244495,"[""Eric André""]",The Eric Andre Show,2012
tt2244495,"[""Hannibal Buress""]",The Eric Andre Show,2012
tt2244495,"[""Announcer""]",The Eric Andre Show,2012
tt2249007,"[""Ray Donovan""]",Ray Donovan,2013
tt2249007,"[""Terry Donovan""]",Ray Donovan,2013
tt2249007,"[""Bunchy Donovan""]",Ray Donovan,2013
tt2249364,"[""D.I. Alec Hardy""]",Broadchurch,2013
tt2249364,"[""D.S. Ellie Miller""]",Broadchurch,2013
tt2249364,"[""Beth Latimer""]",Broadchurch,2013
tt2258904,"[""Sarah Nordmann""]",A Place to Call Home,2013
tt2258904,"[""Sarah Adams""]",A Place to Call Home,2013
tt2258904,"[""Sarah Bligh""]",A Place to Call Home,2013
tt2261391,"[""Kelly Severide""]",Chicago Fire,2012
tt2261391,"[""Randall McHolland""]",Chicago Fire,2012
tt2261391,"[""Joe Cruz""]",Chicago Fire,2012
tt2262456,"[""Exeter""]",The Hollow Crown,2012
tt2262456,"[""Falstaff""]",The Hollow Crown,2012
tt2262456,"[""Bardolph""]",The Hollow Crown,2012
tt2262532,"[""Stef Adams Foster""]",The Fosters,2013
tt2262532,"[""Stef Foster""]",The Fosters,2013
tt2262532,"[""Lena Adams Foster""]",The Fosters,2013
tt2275071,"[""Ecevit 'Serif'""]",Game of Silence,2012
tt2275071,"[""Ahu""]",Game of Silence,2012
tt2275071,"[""Bilal 'Sari'""]",Game of Silence,2012
tt2294189,"[""DSU Stella Gibson""]",The Fall,2013
tt2294189,"[""Paul Spector""]",The Fall,2013
tt2294189,"[""ACC Jim Burns""]",The Fall,2013
tt2297757,"[""Nathan Fielder""]",Nathan for You,2013
tt2303687,"[""DS Steve Arnott""]",Line of Duty,2012
tt2303687,"[""DI Steve Arnott""]",Line of Duty,2012
tt2303687,"[""DC Kate Fleming""]",Line of Duty,2012
tt2314952,"[""Dick Corcoran""]",Comedians in Cars Getting Coffee,2012
tt2314952,"[""Self""]",Comedians in Cars Getting Coffee,2012
tt2319283,"[""Sean Murphy""]",Moone Boy,2012
tt2319283,"[""Martin Moone""]",Moone Boy,2012
tt2319283,"[""Debra Moone""]",Moone Boy,2012
tt2345459,"[""Fabio""]",8 Out of 10 Cats Does Countdown,2012
tt2356777,"[""Frank Semyon""]",True Detective,2014
tt2356777,"[""Detective Ray Velcoro""]",True Detective,2014
tt2356777,"[""Detective Ani Bezzerides""]",True Detective,2014
tt2359704,"[""Narrator""]",JoJo's Bizarre Adventure,2012
tt2359704,"[""Additional Cast""]",JoJo's Bizarre Adventure,2012
tt2359704,"[""Narration""]",JoJo's Bizarre Adventure,2012
tt2372162,"[""Piper Chapman""]",Orange Is the New Black,2013
tt2372162,"[""Tasha 'Taystee' Jefferson""]",Orange Is the New Black,2013
tt2372162,"[""Tiffany 'Pennsatucky' Doggett""]",Orange Is the New Black,2013
tt2375692,"[""Max""]",Black Sails,2014
tt2375692,"[""Captain Flint""]",Black Sails,2014
tt2375692,"[""Eleanor Guthrie""]",Black Sails,2014
tt2379308,"[""Akane Tsunemori""]",Psycho-Pass,2012
tt2379308,"[""Shion Karanomori""]",Psycho-Pass,2012
tt2379308,"[""Donimator""]",Psycho-Pass,2012
tt2384811,"[""Wilson Wilson""]",Utopia,2013
tt2384811,"[""Wilson""]",Utopia,2013
tt2384811,"[""Dugdale""]",Utopia,2013
tt2396135,"[""DS Alison 'Tosh' McIntosh""]",Shetland,2013
tt2396135,"[""DI Alison 'Tosh' McIntosh""]",Shetland,2013
tt2396135,"[""DC Alison 'Tosh' MacIntosh""]",Shetland,2013
tt2400391,"[""Jim Jefferies""]",Legit,2013
tt2400391,"[""Steve Nugent""]",Legit,2013
tt2400391,"[""Billy Nugent""]",Legit,2013
tt2407574,"[""Izzy""]",My Mad Fat Diary,2013
tt2407574,"[""Archie""]",My Mad Fat Diary,2013
tt2407574,"[""Chloe""]",My Mad Fat Diary,2013
tt2431438,"[""Sun Bak""]",Sense8,2015
tt2431438,"[""Nomi Marks""]",Sense8,2015
tt2431438,"[""Kala Dandekar""]",Sense8,2015
tt2432604,"[""Steven Toast""]",Toast of London,2012
tt2432604,"[""Ed Howzer-Black""]",Toast of London,2012
tt2432604,"[""Jane Plough""]",Toast of London,2012
tt2433738,"[""Vera Bennett""]",Wentworth,2013
tt2433738,"[""Sue 'Boomer' Jenkins""]",Wentworth,2013
tt2433738,"[""Will Jackson""]",Wentworth,2013
tt2442560,"[""Thomas Shelby""]",Peaky Blinders,2013
tt2442560,"[""Arthur Shelby""]",Peaky Blinders,2013
tt2442560,"[""Ada Shelby""]",Peaky Blinders,2013
tt2452242,"[""Nick Sax""]",Happy!,2017
tt2452242,"[""Goose the Toad""]",Happy!,2017
tt2452242,"[""Janet Sax""]",Happy!,2017
tt2467372,"[""Jake Peralta""]",Brooklyn Nine-Nine,2013
tt2467372,"[""Rosa Diaz""]",Brooklyn Nine-Nine,2013
tt2467372,"[""Terry Jeffords""]",Brooklyn Nine-Nine,2013
tt2521668,"[""Claire Séguret""]",The Returned,2012
tt2521668,"[""Adèle""]",The Returned,2012
tt2521668,"[""Adèle Werther""]",The Returned,2012
tt2543312,"[""Joe MacMillan""]",Halt and Catch Fire,2014
tt2543312,"[""Gordon Clark""]",Halt and Catch Fire,2014
tt2543312,"[""Cameron Howe""]",Halt and Catch Fire,2014
tt2543328,"[""Abraham Woodhull""]",TURN: Washington's Spies,2014
tt2543328,"[""Anna Strong""]",TURN: Washington's Spies,2014
tt2543328,"[""Lt. John Simcoe""]",TURN: Washington's Spies,2014
tt2560140,"[""Armin Arlert""]",Attack on Titan,2013
tt2560140,"[""Armin Artlelt""]",Attack on Titan,2013
tt2560140,"[""Narrator""]",Attack on Titan,2013
tt2575988,"[""Richard Hendricks""]",Silicon Valley,2014
tt2575988,"[""Erlich Bachman""]",Silicon Valley,2014
tt2575988,"[""Nelson 'Big Head' Bighetti""]",Silicon Valley,2014
tt2578560,"[""Ilana Wexler""]",Broad City,2014
tt2578560,"[""Abbi Abrams""]",Broad City,2014
tt2578560,"[""Lincoln Rice""]",Broad City,2014
tt2581458,"[""Patrick Murray""]",Looking,2014
tt2581458,"[""Agustín Lanuez""]",Looking,2014
tt2581458,"[""Dom Basaluzzo""]",Looking,2014
tt2582590,"[""Stuart Bixby""]",Vicious,2013
tt2582590,"[""Freddie Thornhill""]",Vicious,2013
tt2582590,"[""Violet Crosby""]",Vicious,2013
tt2616280,"[""Derek""]",Derek,2012
tt2616280,"[""Derek Noakes""]",Derek,2012
tt2616280,"[""Hannah""]",Derek,2012
tt2628232,"[""Ethan Chandler""]",Penny Dreadful,2014
tt2628232,"[""Sir Malcolm Murray""]",Penny Dreadful,2014
tt2628232,"[""Vanessa Ives""]",Penny Dreadful,2014
tt2632424,"[""Klaus Mikaelson""]",The Originals,2013
tt2632424,"[""Elijah Mikaelson""]",The Originals,2013
tt2632424,"[""Rebekah Mikaelson""]",The Originals,2013
tt2674806,"[""Reece Shearsmith""]",Inside No. 9,2014
tt2674806,"[""Aidan""]",Inside No. 9,2014
tt2674806,"[""Alan Curtis""]",Inside No. 9,2014
tt2699128,"[""Kevin Garvey""]",The Leftovers,2014
tt2699128,"[""Laurie Garvey""]",The Leftovers,2014
tt2699128,"[""Matt Jamison""]",The Leftovers,2014
tt2701582,"[""DS Endeavour Morse""]",Endeavour,2012
tt2701582,"[""DC Endeavour Morse""]",Endeavour,2012
tt2701582,"[""Sergeant Endeavour Morse""]",Endeavour,2012
tt2707408,"[""Javier Peña""]",Narcos,2015
tt2707408,"[""Pablo Escobar""]",Narcos,2015
tt2707408,"[""Steve Murphy""]",Narcos,2015
tt2712740,"[""Beverly Goldberg""]",The Goldbergs,2013
tt2712740,"[""Adam Goldberg""]",The Goldbergs,2013
tt2712740,"[""Barry Goldberg""]",The Goldbergs,2013
tt2741602,"[""Raymond 'Red' Reddington""]",The Blacklist,2013
tt2741602,"[""Elizabeth Keen""]",The Blacklist,2013
tt2741602,"[""Donald Ressler""]",The Blacklist,2013
tt2758770,"[""Star Butterfly""]",Star vs. the Forces of Evil,2015
tt2758770,"[""Star""]",Star vs. the Forces of Evil,2015
tt2758770,"[""Marco Diaz""]",Star vs. the Forces of Evil,2015
tt2788432,"[""Linda Tripp""]",American Crime Story,2016
tt2788432,"[""Marcia Clark""]",American Crime Story,2016
tt2788432,"[""Paula Jones""]",American Crime Story,2016
tt2802850,"[""Lorne Malvo""]",Fargo,2014
tt2802850,"[""Voice Over""]",Fargo,2014
tt2802850,"[""Lester Nygaard""]",Fargo,2014
tt2805096,"[""Hank Voight""]",Chicago P.D.,2014
tt2805096,"[""Adam Ruzek""]",Chicago P.D.,2014
tt2805096,"[""Kim Burgess""]",Chicago P.D.,2014
tt2861424,"[""Jerry Smith""]",Rick and Morty,2013
tt2861424,"[""Jerry""]",Rick and Morty,2013
tt2861424,"[""Agent""]",Rick and Morty,2013
tt2919910,"[""Regular Performer""]",Whose Line Is It Anyway?,2013
tt2919910,"[""Host""]",Whose Line Is It Anyway?,2013
tt2919910,"[""Self""]",Whose Line Is It Anyway?,2013
tt2930604,"[""C1-10P a.k.a. 'Chopper'""]",Star Wars: Rebels,2014
tt2930604,"[""Stormtrooper #2""]",Star Wars: Rebels,2014
tt2930604,"[""Stormtrooper #1""]",Star Wars: Rebels,2014
tt2930610,"[""Viktor Barinov""]",The Kitchen,2012
tt2930610,"[""Dmitriy Nagiev""]",The Kitchen,2012
tt2930610,"[""Maksim Lavrov""]",The Kitchen,2012
tt2937900,"[""Dr. John W. Thackery""]",The Knick,2014
tt2937900,"[""Dr. Algernon Edwards""]",The Knick,2014
tt2937900,"[""Herman Barrow""]",The Knick,2014
tt2955402,"[""Ana Ribera""]",Velvet,2013
tt2955402,"[""Alberto Márquez""]",Velvet,2013
tt2955402,"[""Doña Blanca""]",Velvet,2013
tt2980696,"[""Quarry""]",Quarry,2016
tt2980696,"[""Mac Conway""]",Quarry,2016
tt2980696,"[""Joni""]",Quarry,2016
tt3006802,"[""Claire Randall""]",Outlander,2014
tt3006802,"[""Claire Fraser""]",Outlander,2014
tt3006802,"[""Jamie Fraser""]",Outlander,2014
tt3032476,"[""Jimmy McGill""]",Better Call Saul,2015
tt3032476,"[""Kim Wexler""]",Better Call Saul,2015
tt3032476,"[""Mike Ehrmantraut""]",Better Call Saul,2015
tt3038546,"[""Mike Tyson""]",Mike Tyson Mysteries,2014
tt3038546,"[""Pigeon""]",Mike Tyson Mysteries,2014
tt3038546,"[""Yung Hee Tyson""]",Mike Tyson Mysteries,2014
tt3061046,"[""Steven Universe""]",Steven Universe,2013
tt3061046,"[""Onion""]",Steven Universe,2013
tt3061046,"[""Pumpkin""]",Steven Universe,2013
tt3069894,"[""Shulem Shtisel""]",Shtisel,2013
tt3069894,"[""Akiva Shtisel""]",Shtisel,2013
tt3069894,"[""Giti Weiss""]",Shtisel,2013
tt3205802,"[""Annalise Keating""]",How to Get Away with Murder,2014
tt3205802,"[""Nate Lahey""]",How to Get Away with Murder,2014
tt3205802,"[""Connor Walsh""]",How to Get Away with Murder,2014
tt3228420,"[""Jimmy Shive-Overly""]",You're the Worst,2014
tt3228420,"[""Gretchen Cutler""]",You're the Worst,2014
tt3228420,"[""Edgar Quintero""]",You're the Worst,2014
tt3230854,"[""Jim Holden""]",The Expanse,2015
tt3230854,"[""Naomi Nagata""]",The Expanse,2015
tt3230854,"[""Amos Burton""]",The Expanse,2015
tt3281796,"[""James 'Ghost' St. Patrick""]",Power,2014
tt3281796,"[""Angela Valdes""]",Power,2014
tt3281796,"[""Tasha St. Patrick""]",Power,2014
tt3305096,"[""Galavant""]",Galavant,2015
tt3305096,"[""King Richard""]",Galavant,2015
tt3305096,"[""Gareth""]",Galavant,2015
tt3322312,"[""Matt Murdock""]",Daredevil,2015
tt3322312,"[""Daredevil""]",Daredevil,2015
tt3322312,"[""Wilson Fisk""]",Daredevil,2015
tt3358020,"[""Migî""]",Parasyte: The Maxim,2014
tt3358020,"[""Shin'ichi Izumi""]",Parasyte: The Maxim,2014
tt3358020,"[""Migî moving effects""]",Parasyte: The Maxim,2014
tt3398228,"[""BoJack Horseman""]",BoJack Horseman,2014
tt3398228,"[""Butterscotch Horseman""]",BoJack Horseman,2014
tt3398228,"[""BoBo the Angsty Zebra""]",BoJack Horseman,2014
tt3398540,"[""Shoyo Hinata""]",Haikyu!!,2014
tt3398540,"[""Tobio Kageyama""]",Haikyu!!,2014
tt3398540,"[""Ryunosuke Tanaka""]",Haikyu!!,2014
tt3428912,"[""Catherine Cawood""]",Happy Valley,2014
tt3428912,"[""Clare Cartwright""]",Happy Valley,2014
tt3428912,"[""Tommy Lee Royce""]",Happy Valley,2014
tt3487382,"[""Henry Morgan""]",Forever,2014
tt3487382,"[""Jo Martinez""]",Forever,2014
tt3487382,"[""Lucas Wahl""]",Forever,2014
tt3502172,"[""Rodrigo De Souza""]",Mozart in the Jungle,2014
tt3502172,"[""Hailey Rutledge""]",Mozart in the Jungle,2014
tt3502172,"[""Cynthia Taylor""]",Mozart in the Jungle,2014
tt3502248,"[""Harry Bosch""]",Bosch,2014
tt3502248,"[""Jerry Edgar""]",Bosch,2014
tt3502248,"[""Lt. Grace Billets""]",Bosch,2014
tt3526078,"[""Johnny Rose""]",Schitt's Creek,2015
tt3526078,"[""Moira Rose""]",Schitt's Creek,2015
tt3526078,"[""David Rose""]",Schitt's Creek,2015
tt3530232,"[""Voice Over""]",Last Week Tonight with John Oliver,2014
tt3530232,"[""Narrator""]",Last Week Tonight with John Oliver,2014
tt3530232,"[""Self""]",Last Week Tonight with John Oliver,2014
tt3561180,"[""Andri Ólafsson""]",Trapped,2015
tt3561180,"[""Andri""]",Trapped,2015
tt3561180,"[""Andri Olafsson""]",Trapped,2015
tt3609352,"[""Grace Hanson""]",Grace and Frankie,2015
tt3609352,"[""Frankie Bergstein""]",Grace and Frankie,2015
tt3609352,"[""Sol Bergstein""]",Grace and Frankie,2015
tt3636060,"[""Ross Poldark""]",Poldark,2015
tt3636060,"[""Demelza Poldark""]",Poldark,2015
tt3636060,"[""Demelza""]",Poldark,2015
tt3647998,"[""James Keziah Delaney""]",Taboo,2017
tt3647998,"[""Brace""]",Taboo,2017
tt3647998,"[""Sir Stuart Strange""]",Taboo,2017
tt3673794,"[""Alvey Kulina""]",Kingdom,2014
tt3673794,"[""Lisa Prince""]",Kingdom,2014
tt3673794,"[""Ryan Wheeler""]",Kingdom,2014
tt3762198,"[""Grindah""]",People Just Do Nothing,2014
tt3762198,"[""Beats""]",People Just Do Nothing,2014
tt3762198,"[""Chabuddy G""]",People Just Do Nothing,2014
tt3766376,"[""Neal Gamby""]",Vice Principals,2016
tt3766376,"[""Lee Russell""]",Vice Principals,2016
tt3766376,"[""Dayshawn""]",Vice Principals,2016
tt3877200,"[""Julien Baptiste""]",The Missing,2014
tt3877200,"[""Celia Baptiste""]",The Missing,2014
tt3877200,"[""Tony Hughes""]",The Missing,2014
tt3920596,"[""Madeline Martha Mackenzie""]",Big Little Lies,2017
tt3920596,"[""Celeste Wright""]",Big Little Lies,2017
tt3920596,"[""Jane Chapman""]",Big Little Lies,2017
tt3922704,"[""DI Vivienne Deering""]",No Offence,2015
tt3922704,"[""DC Dinah Kowalska""]",No Offence,2015
tt3922704,"[""DS Dinah Kowalska""]",No Offence,2015
tt4047038,"[""Dirk Gently""]",Dirk Gently's Holistic Detective Agency,2016
tt4047038,"[""Todd Brotzman""]",Dirk Gently's Holistic Detective Agency,2016
tt4047038,"[""Amanda Brotzman""]",Dirk Gently's Holistic Detective Agency,2016
tt4051832,"[""Dylan""]",Lovesick,2014
tt4051832,"[""Evie""]",Lovesick,2014
tt4051832,"[""Luke""]",Lovesick,2014
tt4052886,"[""Lucifer Morningstar""]",Lucifer,2016
tt4052886,"[""Michael""]",Lucifer,2016
tt4052886,"[""Chloe Decker""]",Lucifer,2016
tt4063800,"[""Malotru""]",The Bureau,2015
tt4063800,"[""Marie-Jeanne Duthilleul""]",The Bureau,2015
tt4063800,"[""Marie-Jeanne""]",The Bureau,2015
tt4082744,"[""Andy""]",Detectorists,2014
tt4082744,"[""Andy Stone""]",Detectorists,2014
tt4082744,"[""Lance""]",Detectorists,2014
tt4093826,"[""Dale Cooper""]",Twin Peaks,2017
tt4093826,"[""Dougie Jones""]",Twin Peaks,2017
tt4093826,"[""Laura Palmer""]",Twin Peaks,2017
tt4158110,"[""Elliot Alderson""]",Mr. Robot,2015
tt4158110,"[""Mr. Robot""]",Mr. Robot,2015
tt4158110,"[""Darlene""]",Mr. Robot,2015
tt4179452,"[""Uhtred""]",The Last Kingdom,2015
tt4179452,"[""Aelswith""]",The Last Kingdom,2015
tt4179452,"[""Sihtric""]",The Last Kingdom,2015
tt4189022,"[""Ashley 'Ash' J. Williams""]",Ash vs Evil Dead,2015
tt4189022,"[""Pablo Simon Bolivar""]",Ash vs Evil Dead,2015
tt4189022,"[""Kelly Maxwell""]",Ash vs Evil Dead,2015
tt4192812,"[""DI Sunil 'Sunny' Khan""]",Unforgotten,2015
tt4192812,"[""DS Sunil 'Sunny' Khan""]",Unforgotten,2015
tt4192812,"[""DS Murray Boulting""]",Unforgotten,2015
tt4201628,"[""Choi Dal-po""]",Pinocchio,2014
tt4201628,"[""Ki Ha-myung""]",Pinocchio,2014
tt4201628,"[""Woo-Jin""]",Pinocchio,2014
tt4236770,"[""John Dutton""]",Yellowstone,2018
tt4236770,"[""Kayce Dutton""]",Yellowstone,2018
tt4236770,"[""Beth Dutton""]",Yellowstone,2018
tt4269716,"[""Relu""]",Umbre,2014
tt4269716,"[""Relu (2014-2015)""]",Umbre,2014
tt4269716,"[""Gina""]",Umbre,2014
tt4270492,"[""Chuck Rhoades""]",Billions,2016
tt4270492,"[""Bobby Axelrod""]",Billions,2016
tt4270492,"[""Wendy Rhoades""]",Billions,2016
tt4277922,"[""Andréa Martel""]",Call My Agent!,2015
tt4277922,"[""Mathias Barneville""]",Call My Agent!,2015
tt4277922,"[""Gabriel Sarda""]",Call My Agent!,2015
tt4288182,"[""Earnest 'Earn' Marks""]",Atlanta,2016
tt4288182,"[""Kirkwood Chocolate""]",Atlanta,2016
tt4288182,"[""Teddy Perkins""]",Atlanta,2016
tt4326894,"[""Frank Murphy""]",F Is for Family,2015
tt4326894,"[""Father Pat""]",F Is for Family,2015
tt4326894,"[""Teenage Frank Murphy""]",F Is for Family,2015
tt4374208,"[""Sharon Morris""]",Catastrophe,2015
tt4374208,"[""Rob Norris""]",Catastrophe,2015
tt4374208,"[""Chris""]",Catastrophe,2015
tt4378376,"[""Gereon Rath""]",Babylon Berlin,2017
tt4378376,"[""Charlotte Ritter""]",Babylon Berlin,2017
tt4378376,"[""Alfred Nyssen""]",Babylon Berlin,2017
tt4384086,"[""Greg""]",Life in Pieces,2015
tt4384086,"[""Greg Short""]",Life in Pieces,2015
tt4384086,"[""Heather""]",Life in Pieces,2015
tt4452630,"[""Dr. Leanne Rorish""]",Code Black,2015
tt4452630,"[""Angus Leighton""]",Code Black,2015
tt4452630,"[""Dr. Angus Leighton""]",Code Black,2015
tt4508902,"[""Saitama""]",One Punch Man,2015
tt4508902,"[""Genos""]",One Punch Man,2015
tt4508902,"[""Saitama""]",One Punch Man,2015
tt4524056,"[""Zulema""]",Vis a vis,2015
tt4524056,"[""Saray""]",Vis a vis,2015
tt4524056,"[""Sole""]",Vis a vis,2015
tt4565380,"[""Doron Kavillio""]",Fauda,2015
tt4565380,"[""Gabi 'Captain Eyov'""]",Fauda,2015
tt4565380,"[""Gali Kavillio""]",Fauda,2015
tt4574334,"[""Eleven""]",Stranger Things,2016
tt4574334,"[""Jane Hopper""]",Stranger Things,2016
tt4574334,"[""Mike Wheeler""]",Stranger Things,2016
tt4592410,"[""Ezekiel 'Books' Figuero""]",The Get Down,2016
tt4592410,"[""Shaolin Fantastic""]",The Get Down,2016
tt4592410,"[""Mylene Cruz""]",The Get Down,2016
tt4635276,"[""Dev""]",Master of None,2015
tt4635276,"[""Arnold""]",Master of None,2015
tt4635276,"[""Denise""]",Master of None,2015
tt4643084,"[""Howard Silk""]",Counterpart,2017
tt4643084,"[""Emily Burton Silk""]",Counterpart,2017
tt4643084,"[""Peter Quayle""]",Counterpart,2017
tt4644488,"[""Son Gokû""]",Dragon Ball Super,2015
tt4644488,"[""Son Gohan""]",Dragon Ball Super,2015
tt4644488,"[""Son Goten""]",Dragon Ball Super,2015
tt4647692,"[""Wayne""]",Letterkenny,2016
tt4647692,"[""Shoresy""]",Letterkenny,2016
tt4647692,"[""Daryl""]",Letterkenny,2016
tt4680240,"[""Chava Iglesias""]",Club de Cuervos,2015
tt4680240,"[""Chava""]",Club de Cuervos,2015
tt4680240,"[""Salvador Iglesias Jr.""]",Club de Cuervos,2015
tt4687880,"[""Billy McBride""]",Goliath,2016
tt4687880,"[""Patty Solis-Papagian""]",Goliath,2016
tt4687880,"[""Brittany Gold""]",Goliath,2016
tt4687882,"[""John Tavner""]",Patriot,2015
tt4687882,"[""Leslie Claret""]",Patriot,2015
tt4687882,"[""Edward Tavner""]",Patriot,2015
tt4687892,"[""Patti Robinson""]",Good Girls Revolt,2015
tt4687892,"[""Jane Hollander""]",Good Girls Revolt,2015
tt4687892,"[""Cindy Reston""]",Good Girls Revolt,2015
tt4786824,"[""Queen Elizabeth II""]",The Crown,2016
tt4786824,"[""Young Queen Elizabeth II""]",The Crown,2016
tt4786824,"[""Queen Elizabeth II""]",The Crown,2016
tt4816058,"[""Hiccup""]",Dragons: Race to the Edge,2015
tt4816058,"[""Astrid""]",Dragons: Race to the Edge,2015
tt4816058,"[""Snotlout""]",Dragons: Race to the Edge,2015
tt4855114,"[""Letty Raines""]",Good Behavior,2016
tt4855114,"[""Javier""]",Good Behavior,2016
tt4855114,"[""Christian""]",Good Behavior,2016
tt4877736,"[""Laurel Healy""]",BrainDead,2016
tt4877736,"[""Luke Healy""]",BrainDead,2016
tt4877736,"[""Gareth Ritter""]",BrainDead,2016
tt4925000,"[""Yoo Si-jin""]",Descendants of the Sun,2016
tt4925000,"[""Kang Mo-yeon""]",Descendants of the Sun,2016
tt4925000,"[""Master Sergeant Seo Dae Yeong""]",Descendants of the Sun,2016
tt4955642,"[""Eleanor Shellstrop""]",The Good Place,2016
tt4955642,"[""Chidi Anagonye""]",The Good Place,2016
tt4955642,"[""Tahani Al-Jamil""]",The Good Place,2016
tt4998350,"[""Frankie Martino""]",The Deuce,2017
tt4998350,"[""Vincent Martino""]",The Deuce,2017
tt4998350,"[""Eileen 'Candy Renee' Merrell""]",The Deuce,2017
tt5011816,"[""Marius Josipovic""]",Sneaky Pete,2015
tt5011816,"[""Pete Murphy""]",Sneaky Pete,2015
tt5011816,"[""Julia Bowman""]",Sneaky Pete,2015
tt5014882,"[""Louisa Durrell""]",The Durrells,2016
tt5014882,"[""Lawrence Durrell""]",The Durrells,2016
tt5014882,"[""Gerald Durrell""]",The Durrells,2016
tt5024912,"[""Issa Dee""]",Insecure,2016
tt5024912,"[""Molly Carter""]",Insecure,2016
tt5024912,"[""Lawrence Walker""]",Insecure,2016
tt5034326,"[""Adam Conover""]",Adam Ruins Everything,2015
tt5034326,"[""Dan Champion""]",Adam Ruins Everything,2015
tt5034326,"[""Drip Dripley""]",Adam Ruins Everything,2015
tt5057054,"[""Jack Ryan""]",Tom Clancy's Jack Ryan,2018
tt5057054,"[""James Greer""]",Tom Clancy's Jack Ryan,2018
tt5057054,"[""Mike November""]",Tom Clancy's Jack Ryan,2018
tt5071412,"[""Martin 'Marty' Byrde""]",Ozark,2017
tt5071412,"[""Wendy Byrde""]",Ozark,2017
tt5071412,"[""Charlotte Byrde""]",Ozark,2017
tt5114356,"[""David Haller""]",Legion,2017
tt5114356,"[""Syd Barrett""]",Legion,2017
tt5114356,"[""Lenny Busker""]",Legion,2017
tt5137338,"[""Victoria""]",Victoria,2016
tt5137338,"[""Penge""]",Victoria,2016
tt5137338,"[""Mr. Penge""]",Victoria,2016
tt5180504,"[""Ciri""]",The Witcher,2019
tt5180504,"[""Geralt of Rivia""]",The Witcher,2019
tt5180504,"[""Yennefer""]",The Witcher,2019
tt5290382,"[""Holden Ford""]",Mindhunter,2017
tt5290382,"[""Bill Tench""]",Mindhunter,2017
tt5290382,"[""Dr. Wendy Carr""]",Mindhunter,2017
tt5332206,"[""Park Hae-yeong""]",Signal,2016
tt5332206,"[""Cha Soo-hyeon""]",Signal,2016
tt5332206,"[""Lee Jae-han""]",Signal,2016
tt5339440,"[""Penelope Alvarez""]",One Day at a Time,2017
tt5339440,"[""Schneider""]",One Day at a Time,2017
tt5339440,"[""Elena Alvarez""]",One Day at a Time,2017
tt5348176,"[""Barry Berkman""]",Barry,2018
tt5348176,"[""Monroe Fuches""]",Barry,2018
tt5348176,"[""Sally Reed""]",Barry,2018
tt5421602,"[""Anne Shirley-Cuthbert""]",Anne with an E,2017
tt5421602,"[""Anne Shirley""]",Anne with an E,2017
tt5421602,"[""Marilla Cuthbert""]",Anne with an E,2017
tt5531466,"[""Scrooge McDuck""]",DuckTales,2017
tt5531466,"[""Dirty Dingus""]",DuckTales,2017
tt5531466,"[""Hat Pirate""]",DuckTales,2017
tt5555260,"[""Jack Pearson""]",This Is Us,2016
tt5555260,"[""Rebecca Pearson""]",This Is Us,2016
tt5555260,"[""Randall Pearson""]",This Is Us,2016
tt5574490,"[""Andrew 'Pope' Cody""]",Animal Kingdom,2016
tt5574490,"[""Craig Cody""]",Animal Kingdom,2016
tt5574490,"[""Deran Cody""]",Animal Kingdom,2016
tt5580664,"[""Lance""]",Voltron: Legendary Defender,2016
tt5580664,"[""Pidge""]",Voltron: Legendary Defender,2016
tt5580664,"[""Hunk""]",Voltron: Legendary Defender,2016
tt5603140,"[""Nina""]",The Restaurant,2017
tt5603140,"[""Calle""]",The Restaurant,2017
tt5603140,"[""Ethel""]",The Restaurant,2017
tt5618256,"[""FBI Agent Jack Brennan""]",Manhunt,2017
tt5618256,"[""Earl Embry""]",Manhunt,2017
tt5618256,"[""Stacy Knox""]",Manhunt,2017
tt5619658,"[""Amy""]",Flowers,2016
tt5619658,"[""Bertha""]",Flowers,2016
tt5619658,"[""Deborah""]",Flowers,2016
tt5626028,"[""Izuku Midoriya""]",My Hero Academia,2016
tt5626028,"[""Izuku Midoriya""]",My Hero Academia,2016
tt5626028,"[""Katsuki Bakugou""]",My Hero Academia,2016
tt5651844,"[""Grant MacLaren""]",Travelers,2016
tt5651844,"[""Marcy Warton""]",Travelers,2016
tt5651844,"[""Carly Shannon""]",Travelers,2016
tt5673782,"[""Dora Maar""]",Genius,2017
tt5673782,"[""Mileva Maric""]",Genius,2017
tt5673782,"[""Michele Besso""]",Genius,2017
tt5687612,"[""Fleabag""]",Fleabag,2016
tt5687612,"[""Claire""]",Fleabag,2016
tt5687612,"[""Godmother""]",Fleabag,2016
tt5691552,"[""Capt. Ed Mercer""]",The Orville,2017
tt5691552,"[""Cmdr. Kelly Grayson""]",The Orville,2017
tt5691552,"[""Dr. Claire Finn""]",The Orville,2017
tt5722190,"[""Jim Brockmire""]",Brockmire,2017
tt5722190,"[""Charles""]",Brockmire,2017
tt5722190,"[""Jules James""]",Brockmire,2017
tt5743796,"[""Ah Sahm""]",Warrior,2019
tt5743796,"[""Ah Toy""]",Warrior,2019
tt5743796,"[""Young Jun""]",Warrior,2019
tt5753856,"[""Jonas Kahnwald""]",Dark,2017
tt5753856,"[""Charlotte Doppler""]",Dark,2017
tt5753856,"[""Adult Charlotte Doppler""]",Dark,2017
tt5761496,"[""Miles Daly""]",Get Shorty,2017
tt5761496,"[""Rick Moreweather""]",Get Shorty,2017
tt5761496,"[""Louis Darnell""]",Get Shorty,2017
tt5770786,"[""Ruth Wilder""]",GLOW,2017
tt5770786,"[""Sam Sylvia""]",GLOW,2017
tt5770786,"[""Debbie Eagan""]",GLOW,2017
tt5788792,"[""Miriam 'Midge' Maisel""]",The Marvelous Mrs. Maisel,2017
tt5788792,"[""Susie Myerson""]",The Marvelous Mrs. Maisel,2017
tt5788792,"[""Joel Maisel""]",The Marvelous Mrs. Maisel,2017
tt5834204,"[""June Osborne""]",The Handmaid's Tale,2017
tt5834204,"[""Serena Joy Waterford""]",The Handmaid's Tale,2017
tt5834204,"[""Aunt Lydia Clements""]",The Handmaid's Tale,2017
tt5853176,"[""Diane Lockhart""]",The Good Fight,2017
tt5853176,"[""Marissa Gold""]",The Good Fight,2017
tt5853176,"[""Jay Dipersia""]",The Good Fight,2017
tt5863126,"[""Garrett Kruczek""]",Last Chance U,2016
tt5863126,"[""Intro Drummer""]",Last Chance U,2016
tt5897304,"[""Shigeo Kageyama""]",Mob Psycho 100,2016
tt5897304,"[""Arataka Reigen""]",Mob Psycho 100,2016
tt5897304,"[""Ritsu Kageyama""]",Mob Psycho 100,2016
tt5912064,"[""Appa""]",Kim's Convenience,2016
tt5912064,"[""Umma""]",Kim's Convenience,2016
tt5912064,"[""Janet""]",Kim's Convenience,2016
tt6025022,"[""Clark Kent""]",Justice League Unlimited,2004
tt6025022,"[""Superman""]",Justice League Unlimited,2004
tt6025022,"[""Bizarro""]",Justice League Unlimited,2004
tt6077448,"[""Inspector Sartaj Singh""]",Sacred Games,2018
tt6077448,"[""Sartaj Singh""]",Sacred Games,2018
tt6077448,"[""Ganesh Gaitonde""]",Sacred Games,2018
tt6078096,"[""The Guy""]",High Maintenance,2016
tt6078096,"[""Jules""]",High Maintenance,2016
tt6078096,"[""Lee""]",High Maintenance,2016
tt6257970,"[""Alyssa""]",The End of the F***ing World,2017
tt6257970,"[""James""]",The End of the F***ing World,2017
tt6257970,"[""Phil""]",The End of the F***ing World,2017
tt6315640,"[""Elsa Gardner""]",Atypical,2017
tt6315640,"[""Sam Gardner""]",Atypical,2017
tt6315640,"[""Casey Gardner""]",Atypical,2017
tt6317068,"[""KVN""]",Final Space,2018
tt6317068,"[""Evil KVNs""]",Final Space,2018
tt6317068,"[""Queen""]",Final Space,2018
tt6385540,"[""Hilda""]",Hilda,2018
tt6385540,"[""Frida""]",Hilda,2018
tt6385540,"[""David""]",Hilda,2018
tt6439752,"[""Franklin Saint""]",Snowfall,2017
tt6439752,"[""Teddy McDonald""]",Snowfall,2017
tt6439752,"[""Gustavo 'El Oso' Zapata""]",Snowfall,2017
tt6466208,"[""Danny Mascarenhas""]",Breathe,2018
tt6466208,"[""Kabir Sawant""]",Breathe,2018
tt6466208,"[""Ria Ganguly""]",Breathe,2018
tt6468322,"[""Tokio""]",Money Heist,2017
tt6468322,"[""El Profesor""]",Money Heist,2017
tt6468322,"[""Raquel Murillo""]",Money Heist,2017
tt6470478,"[""Dr. Shaun Murphy""]",The Good Doctor,2017
tt6470478,"[""Dr. Aaron Glassman""]",The Good Doctor,2017
tt6470478,"[""Dr. Marcus Andrews""]",The Good Doctor,2017
tt6473300,"[""Guddu Pandit""]",Mirzapur,2018
tt6473300,"[""Beena Tripathi""]",Mirzapur,2018
tt6473300,"[""Golu Gupta""]",Mirzapur,2018
tt6494622,"[""Tara Khanna""]",Made in Heaven,2019
tt6494622,"[""Karan Mehra""]",Made in Heaven,2019
tt6494622,"[""Adil Khanna""]",Made in Heaven,2019
tt6517102,"[""Trevor Belmont""]",Castlevania,2017
tt6517102,"[""Alucard""]",Castlevania,2017
tt6517102,"[""Sypha Belnades""]",Castlevania,2017
tt6522580,"[""Dhruv Sehgal""]",Little Things,2016
tt6522580,"[""Dhruv""]",Little Things,2016
tt6522580,"[""Dhruv Vats""]",Little Things,2016
tt6554240,"[""Jack Spade""]",Heels,2021
tt6554240,"[""Ace Spade""]",Heels,2021
tt6554240,"[""Staci Spade""]",Heels,2021
tt6583806,"[""Kerry Mucklowe""]",This Country,2017
tt6583806,"[""Lee 'Kurtan' Mucklowe""]",This Country,2017
tt6583806,"[""Reverend Francis Seaton""]",This Country,2017
tt6611916,"[""Crown Prince Lee Chang""]",Kingdom,2019
tt6611916,"[""Seo-bi""]",Kingdom,2019
tt6611916,"[""Young Shin""]",Kingdom,2019
tt6741278,"[""Mark Grayson""]",Invincible,2021
tt6741278,"[""Invincible""]",Invincible,2021
tt6741278,"[""Alternate Invincibles""]",Invincible,2021
tt6873658,"[""Verena Cardoni""]",The Mechanism,2018
tt6873658,"[""Marco Ruffo""]",The Mechanism,2018
tt6873658,"[""Roberto Ibrahim""]",The Mechanism,2018
tt6877772,"[""Peter Maldonado""]",American Vandal,2017
tt6877772,"[""Sam Ecklund""]",American Vandal,2017
tt6877772,"[""Dylan Maxwell""]",American Vandal,2017
tt6905542,"[""Rian""]",The Dark Crystal: Age of Resistance,2019
tt6905542,"[""Gruenak #2""]",The Dark Crystal: Age of Resistance,2019
tt6905542,"[""Tavra""]",The Dark Crystal: Age of Resistance,2019
tt7016936,"[""Villanelle""]",Killing Eve,2018
tt7016936,"[""Eve Polastri""]",Killing Eve,2018
tt7016936,"[""Carolyn Martens""]",Killing Eve,2018
tt7094780,"[""Choi Yoo-jin""]",Mr. Sunshine,2018
tt7094780,"[""Eugene Choi""]",Mr. Sunshine,2018
tt7094780,"[""Go Ae-shin""]",Mr. Sunshine,2018
tt7120662,"[""Erin Quinn""]",Derry Girls,2018
tt7120662,"[""Orla McCool""]",Derry Girls,2018
tt7120662,"[""Mary Quinn""]",Derry Girls,2018
tt7203552,"[""Alex Levy""]",The Morning Show,2019
tt7203552,"[""Bradley Jackson""]",The Morning Show,2019
tt7203552,"[""Cory Ellison""]",The Morning Show,2019
tt7211618,"[""Anne Lister""]",Gentleman Jack,2019
tt7211618,"[""Ann Walker""]",Gentleman Jack,2019
tt7211618,"[""Marian Lister""]",Gentleman Jack,2019
tt7221388,"[""Daniel LaRusso""]",Cobra Kai,2018
tt7221388,"[""Johnny Lawrence""]",Cobra Kai,2018
tt7221388,"[""Amanda LaRusso""]",Cobra Kai,2018
tt7255502,"[""Sandy Kominsky""]",The Kominsky Method,2018
tt7255502,"[""Mindy Kominsky""]",The Kominsky Method,2018
tt7255502,"[""Jude""]",The Kominsky Method,2018
tt7278862,"[""Narrator""]",My Brilliant Friend,2018
tt7278862,"[""Elena Greco""]",My Brilliant Friend,2018
tt7278862,"[""Immacolata Greco""]",My Brilliant Friend,2018
tt7375404,"[""Jeff Pickles""]",Kidding,2018
tt7375404,"[""Seb""]",Kidding,2018
tt7375404,"[""Sebestian""]",Kidding,2018
tt7441658,"[""Asta""]",Black Clover,2017
tt7441658,"[""Basta""]",Black Clover,2017
tt7441658,"[""Casta""]",Black Clover,2017
tt7472896,"[""Ray""]",Mr Inbetween,2018
tt7472896,"[""Brittany""]",Mr Inbetween,2018
tt7472896,"[""Gary""]",Mr Inbetween,2018
tt7493974,"[""David Budd""]",Bodyguard,2018
tt7493974,"[""Vicky Budd""]",Bodyguard,2018
tt7493974,"[""Mike Travis""]",Bodyguard,2018
tt7562112,"[""Blanca Rodriguez""]",Pose,2018
tt7562112,"[""Elektra""]",Pose,2018
tt7562112,"[""Angel""]",Pose,2018
tt7587890,"[""John Nolan""]",The Rookie,2018
tt7587890,"[""Officer John Nolan""]",The Rookie,2018
tt7587890,"[""Angela Lopez""]",The Rookie,2018
tt7649694,"[""Ramy""]",Ramy,2019
tt7649694,"[""Ramy Hassan""]",Ramy,2019
tt7649694,"[""Farouk Hassan""]",Ramy,2019
tt7658402,"[""Harley Quinn""]",Harley Quinn,2019
tt7658402,"[""Kylie Kryptonite""]",Harley Quinn,2019
tt7658402,"[""Poison Ivy""]",Harley Quinn,2019
tt7660850,"[""Greg Hirsch""]",Succession,2018
tt7660850,"[""Logan Roy""]",Succession,2018
tt7660850,"[""Roman Roy""]",Succession,2018
tt7661390,"[""Marian Wallace""]",Gangs of London,2020
tt7661390,"[""Elliot Carter""]",Gangs of London,2020
tt7661390,"[""Elliot Finch""]",Gangs of London,2020
tt7678620,"[""Dad""]",Bluey,2018
tt7678620,"[""Mum""]",Bluey,2018
tt7678620,"[""Lucky's Dad""]",Bluey,2018
tt7745956,"[""Adora""]",She-Ra and the Princesses of Power,2018
tt7745956,"[""She-Ra""]",She-Ra and the Princesses of Power,2018
tt7745956,"[""Young Adora""]",She-Ra and the Princesses of Power,2018
tt7765404,"[""Wayne McCullough""]",Wayne,2019
tt7765404,"[""Delilah 'Del' Luccetti""]",Wayne,2019
tt7765404,"[""Orlando Hikes""]",Wayne,2019
tt7767422,"[""Otis Milburn""]",Sex Education,2019
tt7767422,"[""Jean Milburn""]",Sex Education,2019
tt7767422,"[""Eric Effiong""]",Sex Education,2019
tt7772588,"[""Edward Baldwin""]",For All Mankind,2019
tt7772588,"[""Ed Baldwin""]",For All Mankind,2019
tt7772588,"[""Gordo Stevens""]",For All Mankind,2019
tt7817340,"[""Dr. Max Goodwin""]",New Amsterdam,2018
tt7817340,"[""Dr. Lauren Bloom""]",New Amsterdam,2018
tt7817340,"[""Dr. Floyd Reynolds""]",New Amsterdam,2018
tt7908628,"[""Nandor""]",What We Do in the Shadows,2019
tt7908628,"[""Laszlo Cravensworth""]",What We Do in the Shadows,2019
tt7908628,"[""Nadja""]",What We Do in the Shadows,2019
tt8019444,"[""Retsuko""]",Aggretsuko,2018
tt8019444,"[""Haida""]",Aggretsuko,2018
tt8019444,"[""Bakkun""]",Aggretsuko,2018
tt8026448,"[""Chief Terry McConky""]",Tacoma FD,2019
tt8026448,"[""Captain Eddie Penisi""]",Tacoma FD,2019
tt8026448,"[""Granville 'Granny' Smith""]",Tacoma FD,2019
tt8050740,"[""Anne Boonchuy""]",Amphibia,2019
tt8050740,"[""Anna""]",Amphibia,2019
tt8050740,"[""Sprig Plantar""]",Amphibia,2019
tt8050756,"[""Luz""]",The Owl House,2020
tt8050756,"[""Azura""]",The Owl House,2020
tt8050756,"[""Disguised Vee""]",The Owl House,2020
tt8064302,"[""Jen Harding""]",Dead to Me,2019
tt8064302,"[""Judy Hale""]",Dead to Me,2019
tt8064302,"[""Charlie Harding""]",Dead to Me,2019
tt8078816,"[""Yoon Jin-Ah""]",Something in the Rain,2018
tt8078816,"[""Seo Joon-hee""]",Something in the Rain,2018
tt8078816,"[""Yoon Seung-ho""]",Something in the Rain,2018
tt8080054,"[""Audience Warm-Up""]",Patriot Act with Hasan Minhaj,2018
tt8080054,"[""Audience Warm Up""]",Patriot Act with Hasan Minhaj,2018
tt8080054,"[""Producer""]",Patriot Act with Hasan Minhaj,2018
tt8080122,"[""Ellsworth 'Bumpy' Johnson""]",Godfather of Harlem,2019
tt8080122,"[""Mayme Johnson""]",Godfather of Harlem,2019
tt8080122,"[""Stella Gigante""]",Godfather of Harlem,2019
tt8101850,"[""Alma Winograd-Diaz""]",Undone,2019
tt8101850,"[""Becca Winograd-Diaz""]",Undone,2019
tt8101850,"[""Camila Diaz""]",Undone,2019
tt8111088,"[""The Mandalorian""]",The Mandalorian,2019
tt8111088,"[""Nevarro Copper Droid""]",The Mandalorian,2019
tt8111088,"[""Droid Bounty Hunter""]",The Mandalorian,2019
tt8146754,"[""Tulip Olsen""]",Infinity Train,2019
tt8146754,"[""Mirror Tulip 'MT'""]",Infinity Train,2019
tt8146754,"[""The Steward""]",Infinity Train,2019
tt8324422,"[""Maya Ishii-Peters""]",PEN15,2019
tt8324422,"[""Anna Kone""]",PEN15,2019
tt8324422,"[""Kathy Kone""]",PEN15,2019
tt8398600,"[""Tony""]",After Life,2019
tt8398600,"[""Matt""]",After Life,2019
tt8398600,"[""Lenny""]",After Life,2019
tt8515016,"[""Ash Lynx""]",Banana Fish,2018
tt8515016,"[""Shorter Wong""]",Banana Fish,2018
tt8515016,"[""Blanca""]",Banana Fish,2018
tt8523042,"[""Cha Dal-geon""]",Vagabond,2019
tt8523042,"[""Go Hae Ri""]",Vagabond,2019
tt8523042,"[""Jessica Lee""]",Vagabond,2019
tt8531222,"[""Dave""]",Dave,2020
tt8531222,"[""Mike""]",Dave,2020
tt8531222,"[""GaTa""]",Dave,2020
tt8594324,"[""Katherine 'Kitty' Higham""]",Ghosts,2019
tt8594324,"[""Thomas Thorne""]",Ghosts,2019
tt8594324,"[""Julian Fawcett MP""]",Ghosts,2019
tt8595766,"[""Ritika Awasthi""]",Yeh Meri Family,2018
tt8595766,"[""Rishi Awasthi""]",Yeh Meri Family,2018
tt8595766,"[""Sanjay Awasthi""]",Yeh Meri Family,2018
tt8634332,"[""Dr. Eli Gemstone""]",The Righteous Gemstones,2019
tt8634332,"[""Jesse Gemstone""]",The Righteous Gemstones,2019
tt8634332,"[""Kelvin Gemstone""]",The Righteous Gemstones,2019
tt8688814,"[""Callum""]",The Dragon Prince,2018
tt8688814,"[""Rayla""]",The Dragon Prince,2018
tt8688814,"[""Opeli""]",The Dragon Prince,2018
tt8690918,"[""Harry Vanderspeigle""]",Resident Alien,2021
tt8690918,"[""Asta Twelvetrees""]",Resident Alien,2021
tt8690918,"[""Sheriff Mike Thompson""]",Resident Alien,2021
tt8714904,"[""Walt Breslin""]",Narcos: Mexico,2018
tt8714904,"[""Narrator""]",Narcos: Mexico,2018
tt8714904,"[""Amado Carrillo Fuentes""]",Narcos: Mexico,2018
tt8765446,"[""Lucky Flynn""]",Upright,2019
tt8765446,"[""Meg Adams""]",Upright,2019
tt8765446,"[""Suzie Flynn""]",Upright,2019
tt8772296,"[""Rue Bennett""]",Euphoria,2019
tt8772296,"[""Jules Vaughn""]",Euphoria,2019
tt8772296,"[""Nate Jacobs""]",Euphoria,2019
tt8788458,"[""Emma""]",The Promised Neverland,2019
tt8788458,"[""Ray""]",The Promised Neverland,2019
tt8788458,"[""Don""]",The Promised Neverland,2019
tt8910922,"[""Terry""]",Solar Opposites,2020
tt8910922,"[""Babe-yyy Goobler""]",Solar Opposites,2020
tt8910922,"[""Criterion Disk Goobler""]",Solar Opposites,2020
tt9054364,"[""Rimuru""]",That Time I Got Reincarnated as a Slime,2018
tt9054364,"[""Narrator""]",That Time I Got Reincarnated as a Slime,2018
tt9054364,"[""Slime""]",That Time I Got Reincarnated as a Slime,2018
tt9054904,"[""Karl Grove""]",Why Women Kill,2019
tt9054904,"[""The Narrator""]",Why Women Kill,2019
tt9054904,"[""Simone Grove""]",Why Women Kill,2019
tt9058134,"[""Gensai Kuroki""]",Kengan Ashura,2019
tt9058134,"[""Tokita Ouma""]",Kengan Ashura,2019
tt9058134,"[""Ohma Tokita""]",Kengan Ashura,2019
tt9095260,"[""Aditya Sharma""]",Criminal Justice,2019
tt9095260,"[""Madhav Mishra""]",Criminal Justice,2019
tt9095260,"[""Avni Sharma Parashar""]",Criminal Justice,2019
tt9113406,"[""Bobby Diggs""]",Wu-Tang: An American Saga,2019
tt9113406,"[""The RZA""]",Wu-Tang: An American Saga,2019
tt9113406,"[""RZA""]",Wu-Tang: An American Saga,2019
tt9140554,"[""Loki""]",Loki,2021
tt9140554,"[""Mobius""]",Loki,2021
tt9140554,"[""Don""]",Loki,2021
tt9174582,"[""Vinnie""]",Brassic,2019
tt9174582,"[""Cardi""]",Brassic,2019
tt9174582,"[""Ash""]",Brassic,2019
tt9304350,"[""Tohru Honda""]",Fruits Basket,2019
tt9304350,"[""Tohru Honda""]",Fruits Basket,2019
tt9304350,"[""Yuki Soma""]",Fruits Basket,2019
tt9335498,"[""Tanjiro Kamado""]",Demon Slayer: Kimetsu no Yaiba,2019
tt9335498,"[""Tanjiro Kamado""]",Demon Slayer: Kimetsu no Yaiba,2019
tt9335498,"[""Nezuko Kamado""]",Demon Slayer: Kimetsu no Yaiba,2019
tt9398466,"[""DCP Vartika Chaturvedi""]",Delhi Crime,2019
tt9398466,"[""Inspector Bhupendra Singh""]",Delhi Crime,2019
tt9398466,"[""Bhupendra""]",Delhi Crime,2019
tt9432978,"[""Vaibhav Pandey""]",Kota Factory,2019
tt9432978,"[""Jeetu Bhaiya""]",Kota Factory,2019
tt9432978,"[""Balmukund Meena""]",Kota Factory,2019
tt9522300,"[""Miyuki Shirogane""]",Kaguya-sama: Love is War,2019
tt9522300,"[""Kaguya Shinomiya""]",Kaguya-sama: Love is War,2019
tt9522300,"[""Miyuki Shirogane""]",Kaguya-sama: Love is War,2019
tt9544034,"[""Srikant Tiwari""]",The Family Man,2019
tt9544034,"[""Raji""]",The Family Man,2019
tt9544034,"[""Suchitra Tiwari""]",The Family Man,2019
tt9561862,"[""Bound God""]","Love, Death & Robots",2019
tt9561862,"[""Creature""]","Love, Death & Robots",2019
tt9561862,"[""Dracula""]","Love, Death & Robots",2019
tt9612102,"[""Adam Veile""]",Exit,2019
tt9612102,"[""Hermine Veile""]",Exit,2019
tt9612102,"[""Henrik Kranz""]",Exit,2019
tt9679542,"[""Senku Ishigami""]",Dr. Stone,2019
tt9679542,"[""Kohaku""]",Dr. Stone,2019
tt9679542,"[""Chrome""]",Dr. Stone,2019
tt9814458,"[""Radhe""]",Bandish Bandits,2020
tt9814458,"[""Tamanna""]",Bandish Bandits,2020
tt9814458,"[""Mohini""]",Bandish Bandits,2020
